File accession,File format,Output type,Experiment accession,Assay,Biosample term id,Biosample term name,Biosample type,Biosample organism,Biosample treatments,Biosample treatments amount,Biosample treatments duration,Biosample genetic modifications methods,Biosample genetic modifications categories,Biosample genetic modifications targets,Biosample genetic modifications gene targets,Biosample genetic modifications site coordinates,Biosample genetic modifications zygosity,Experiment target,Library made from,Library depleted in,Library extraction method,Library lysis method,Library crosslinking method,Library strand specific,Experiment date released,Project,RBNS protein concentration,Library fragmentation method,Library size range,Biological replicate(s),Technical replicate,Read length,Mapped read length,Run type,Paired end,Paired with,Derived from,Size,Lab,md5sum,dbxrefs,File download URL,Assembly,Genome annotation,Platform,Controlled by,File Status,s3_uri,Audit WARNING,Audit INTERNAL_ACTION,Audit NOT_COMPLIANT,Audit ERROR
ENCFF570HVV,bam,alignments,ENCSR331PWE,whole-genome shotgun bisulfite sequencing,UBERON:0001159,sigmoid colon,tissue,Homo sapiens,,,,,,,,,,,DNA,,QIAGEN DNeasy Blood & Tissue Kit,,,False,2013-07-31,Roadmap,,,,1,,,,,,,"ENCFF246HVP, ENCFF755QLM",45753300377,ENCODE Processing Pipeline,1d636714ce845306c9c8ff06e5b9e371,,https://www.encodeproject.org/files/ENCFF570HVV/@@download/ENCFF570HVV.bam,GRCh38,,,,released,s3://encode-public/2017/02/23/09e04193-114a-4394-acf0-de2e89162218/ENCFF570HVV.bam,,,,
ENCFF930VIL,bam,alignments,ENCSR331PWE,whole-genome shotgun bisulfite sequencing,UBERON:0001159,sigmoid colon,tissue,Homo sapiens,,,,,,,,,,,DNA,,QIAGEN DNeasy Blood & Tissue Kit,,,False,2013-07-31,Roadmap,,,,1,,,,,,,"ENCFF246HVP, ENCFF751HGM",312397299322,ENCODE Processing Pipeline,b86d90b7004256b716ae4a36d801b4d6,,https://www.encodeproject.org/files/ENCFF930VIL/@@download/ENCFF930VIL.bam,GRCh38,,,,released,s3://encode-public/2017/02/24/1605ab3f-6d68-49c9-b136-1140acc5a38f/ENCFF930VIL.bam,,,,
ENCFF512FUD,bam,alignments,ENCSR414XEF,whole-genome shotgun bisulfite sequencing,UBERON:0008450,psoas muscle,tissue,Homo sapiens,,,,,,,,,,,DNA,,QIAGEN DNeasy Blood & Tissue Kit,,,False,2013-07-31,Roadmap,,,,1,,,,,,,"ENCFF246HVP, ENCFF356KRM",78563514357,ENCODE Processing Pipeline,17165cbe41d7b1253286116a3f13d75c,,https://www.encodeproject.org/files/ENCFF512FUD/@@download/ENCFF512FUD.bam,GRCh38,,,,released,s3://encode-public/2017/02/23/e24145ce-7e73-4111-80a6-36aa90be1e61/ENCFF512FUD.bam,,,,
ENCFF165QNS,bam,alignments,ENCSR414XEF,whole-genome shotgun bisulfite sequencing,UBERON:0008450,psoas muscle,tissue,Homo sapiens,,,,,,,,,,,DNA,,QIAGEN DNeasy Blood & Tissue Kit,,,False,2013-07-31,Roadmap,,,,1,,,,,,,"ENCFF246HVP, ENCFF937AFR",76202902645,ENCODE Processing Pipeline,d3567054db6a979df5dda6613575479a,,https://www.encodeproject.org/files/ENCFF165QNS/@@download/ENCFF165QNS.bam,GRCh38,,,,released,s3://encode-public/2017/02/23/44e7122e-a68a-442f-9ecc-512579bb458c/ENCFF165QNS.bam,,,,
ENCFF786GJA,bam,alignments,ENCSR267SNS,whole-genome shotgun bisulfite sequencing,UBERON:0000945,stomach,tissue,Homo sapiens,,,,,,,,,,,DNA,,,,,False,2018-01-18,ENCODE,,,,1,,,,,,,"ENCFF161MAN, ENCFF459OCX, ENCFF978CHR",198026253992,ENCODE Processing Pipeline,3cde5809e0b6e431b06c241c78548e37,,https://www.encodeproject.org/files/ENCFF786GJA/@@download/ENCFF786GJA.bam,GRCh38,,,,released,s3://encode-public/2018/01/12/9e89056c-9b82-460e-adab-5eb063256c0d/ENCFF786GJA.bam,,,,
ENCFF149ICT,bam,alignments,ENCSR757JTX,whole-genome shotgun bisulfite sequencing,UBERON:0002106,spleen,tissue,Homo sapiens,,,,,,,,,,,DNA,,,,,False,2018-01-18,ENCODE,,,,1,,,,,,,"ENCFF161MAN, ENCFF535VCB, ENCFF781BRM",195269145523,ENCODE Processing Pipeline,37023587c79a63d704ee41f6964b1215,,https://www.encodeproject.org/files/ENCFF149ICT/@@download/ENCFF149ICT.bam,GRCh38,,,,released,s3://encode-public/2018/01/08/760f5ab7-ff20-4077-b4c0-b2829d796f46/ENCFF149ICT.bam,,,,
ENCFF998INA,bam,alignments,ENCSR364ANL,whole-genome shotgun bisulfite sequencing,UBERON:0008450,psoas muscle,tissue,Homo sapiens,,,,,,,,,,,DNA,,QIAGEN DNeasy Blood & Tissue Kit,,,False,2013-07-31,Roadmap,,,,1,,,,,,,"ENCFF246HVP, ENCFF578DRP",391069258917,ENCODE Processing Pipeline,e461bff0292293447048db48b0a3779a,,https://www.encodeproject.org/files/ENCFF998INA/@@download/ENCFF998INA.bam,GRCh38,,,,released,s3://encode-public/2018/02/02/7b018fcf-243a-4600-9703-1bde46a77d33/ENCFF998INA.bam,,,,
ENCFF231CCQ,bam,alignments,ENCSR559QOU,whole-genome shotgun bisulfite sequencing,UBERON:0001043,esophagus,tissue,Homo sapiens,,,,,,,,,,,DNA,,QIAGEN DNeasy Blood & Tissue Kit,,,False,2013-07-31,Roadmap,,,,1,,,,,,,"ENCFF102ZDI, ENCFF246HVP",97005074754,ENCODE Processing Pipeline,bcbfd1a576072b058fb9c3e425053e78,,https://www.encodeproject.org/files/ENCFF231CCQ/@@download/ENCFF231CCQ.bam,GRCh38,,,,released,s3://encode-public/2017/02/24/c8b4eb40-7b4e-4573-8375-72692a190ada/ENCFF231CCQ.bam,,,,
ENCFF367QNV,bam,alignments,ENCSR559QOU,whole-genome shotgun bisulfite sequencing,UBERON:0001043,esophagus,tissue,Homo sapiens,,,,,,,,,,,DNA,,QIAGEN DNeasy Blood & Tissue Kit,,,False,2013-07-31,Roadmap,,,,1,,,,,,,"ENCFF246HVP, ENCFF524CMA",263279489822,ENCODE Processing Pipeline,4cd8075dd4ce7fe758a6cde393fc74f8,,https://www.encodeproject.org/files/ENCFF367QNV/@@download/ENCFF367QNV.bam,GRCh38,,,,released,s3://encode-public/2017/02/24/ee8880ed-fd18-4403-acd0-5630530c7531/ENCFF367QNV.bam,,,,
ENCFF069MOF,bam,alignments,ENCSR517TCG,whole-genome shotgun bisulfite sequencing,UBERON:0001013,adipose tissue,tissue,Homo sapiens,,,,,,,,,,,DNA,,QIAGEN DNeasy Blood & Tissue Kit,,,False,2013-07-31,Roadmap,,,,1,,,,,,,"ENCFF197GWU, ENCFF246HVP",78521360208,ENCODE Processing Pipeline,e862974c6d91757514afe8b2c97e3660,,https://www.encodeproject.org/files/ENCFF069MOF/@@download/ENCFF069MOF.bam,GRCh38,,,,released,s3://encode-public/2017/02/23/a913b77d-99dc-4140-b5b7-9ee6c1bbfd05/ENCFF069MOF.bam,,,,
ENCFF420PTH,bam,alignments,ENCSR517TCG,whole-genome shotgun bisulfite sequencing,UBERON:0001013,adipose tissue,tissue,Homo sapiens,,,,,,,,,,,DNA,,QIAGEN DNeasy Blood & Tissue Kit,,,False,2013-07-31,Roadmap,,,,1,,,,,,,"ENCFF246HVP, ENCFF335VTH",86791707215,ENCODE Processing Pipeline,2d240658c1542c7e0ae1f2a696b70c64,,https://www.encodeproject.org/files/ENCFF420PTH/@@download/ENCFF420PTH.bam,GRCh38,,,,released,s3://encode-public/2017/02/23/c666d2e6-a1ce-462e-afb7-a26c6ceb6c59/ENCFF420PTH.bam,,,,
ENCFF689NEU,bam,alignments,ENCSR848CUY,whole-genome shotgun bisulfite sequencing,UBERON:0000945,stomach,tissue,Homo sapiens,,,,,,,,,,,DNA,,QIAGEN DNeasy Blood & Tissue Kit,,,False,2013-07-31,Roadmap,,,,1,,,,,,,"ENCFF246HVP, ENCFF853JHW",91381514891,ENCODE Processing Pipeline,e34167da618b02ae69c2f5cd2f5d50cd,,https://www.encodeproject.org/files/ENCFF689NEU/@@download/ENCFF689NEU.bam,GRCh38,,,,released,s3://encode-public/2017/02/23/a7f8837a-85b7-4394-86c6-2e964074669f/ENCFF689NEU.bam,,,,
ENCFF146FBV,bam,alignments,ENCSR848CUY,whole-genome shotgun bisulfite sequencing,UBERON:0000945,stomach,tissue,Homo sapiens,,,,,,,,,,,DNA,,QIAGEN DNeasy Blood & Tissue Kit,,,False,2013-07-31,Roadmap,,,,1,,,,,,,"ENCFF246HVP, ENCFF452QUR",79065483306,ENCODE Processing Pipeline,f00f7b1b6a22299e20b1e8925b8867d0,,https://www.encodeproject.org/files/ENCFF146FBV/@@download/ENCFF146FBV.bam,GRCh38,,,,released,s3://encode-public/2017/02/23/d28ad202-f3d7-4751-aa9f-4de069c1c040/ENCFF146FBV.bam,,,,
ENCFF980COG,bam,alignments,ENCSR417YFD,whole-genome shotgun bisulfite sequencing,UBERON:0000992,ovary,tissue,Homo sapiens,,,,,,,,,,,DNA,,QIAGEN DNeasy Blood & Tissue Kit,,,False,2013-07-31,Roadmap,,,,1,,,,,,,"ENCFF246HVP, ENCFF504KVW",340478957239,ENCODE Processing Pipeline,144e2655e44e66eb1c22aff10662c077,,https://www.encodeproject.org/files/ENCFF980COG/@@download/ENCFF980COG.bam,GRCh38,,,,released,s3://encode-public/2017/02/24/37b9de4c-712d-4e5c-ad1b-fcf6b0b79d76/ENCFF980COG.bam,,,,
ENCFF294ZJM,bam,alignments,ENCSR417YFD,whole-genome shotgun bisulfite sequencing,UBERON:0000992,ovary,tissue,Homo sapiens,,,,,,,,,,,DNA,,QIAGEN DNeasy Blood & Tissue Kit,,,False,2013-07-31,Roadmap,,,,1,,,,,,,"ENCFF217HSJ, ENCFF246HVP",21858403848,ENCODE Processing Pipeline,14e9c298e9bf7374ae98bb664ea600dc,,https://www.encodeproject.org/files/ENCFF294ZJM/@@download/ENCFF294ZJM.bam,GRCh38,,,,released,s3://encode-public/2017/02/24/40a63b04-ea85-4507-89f2-4472a47bcf17/ENCFF294ZJM.bam,,,,
ENCFF545OQL,bam,alignments,ENCSR724NZL,whole-genome shotgun bisulfite sequencing,UBERON:0002370,thymus,tissue,Homo sapiens,,,,,,,,,,,DNA,,see document,,,False,2013-07-31,Roadmap,,,,1,,,,,,,"ENCFF161MAN, ENCFF166NKE, ENCFF520WTU, ENCFF546OBY, ENCFF729YEI, ENCFF749KAD, ENCFF791AMI",57954500595,ENCODE Processing Pipeline,36e8714e7e336dca3e354ab3c94124b3,,https://www.encodeproject.org/files/ENCFF545OQL/@@download/ENCFF545OQL.bam,GRCh38,,,,released,s3://encode-public/2017/11/21/d955718d-0ea6-44cd-a326-759bdcd040ca/ENCFF545OQL.bam,,,,
ENCFF112TXF,bam,alignments,ENCSR888FON,whole-genome shotgun bisulfite sequencing,EFO:0001196,IMR-90,cell line,Homo sapiens,,,,,,,,,,,DNA,,see document,,,False,2013-07-31,Roadmap,,,,1,,,,,,,"ENCFF155EKC, ENCFF161MAN, ENCFF180XSC, ENCFF265CLG, ENCFF742CMQ, ENCFF855ANP, ENCFF963CNY",42194768212,ENCODE Processing Pipeline,9ca217c51a2cad598a07d68ca709804c,,https://www.encodeproject.org/files/ENCFF112TXF/@@download/ENCFF112TXF.bam,GRCh38,,,,released,s3://encode-public/2017/11/20/19fc3096-8c15-48a9-9ab4-3f404c988de4/ENCFF112TXF.bam,,,,
ENCFF845VFH,bam,alignments,ENCSR550RTN,whole-genome shotgun bisulfite sequencing,EFO:0002791,HeLa-S3,cell line,Homo sapiens,,,,,,,,,,,DNA,,,,,False,2018-01-09,ENCODE,,,,1,,,,,,,"ENCFF161MAN, ENCFF718LOZ, ENCFF953ELH",209050070790,ENCODE Processing Pipeline,1f69c6c21ba09887f2263f8891584b74,,https://www.encodeproject.org/files/ENCFF845VFH/@@download/ENCFF845VFH.bam,GRCh38,,,,released,s3://encode-public/2017/12/03/e9c34205-b494-4819-84c9-9e5ddfaffda6/ENCFF845VFH.bam,,,,
ENCFF193RVP,bam,alignments,ENCSR550RTN,whole-genome shotgun bisulfite sequencing,EFO:0002791,HeLa-S3,cell line,Homo sapiens,,,,,,,,,,,DNA,,,,,False,2018-01-09,ENCODE,,,,2,,,,,,,"ENCFF161MAN, ENCFF192ITK, ENCFF751KHK",159849040746,ENCODE Processing Pipeline,6d3c5af2d3e6033532bcc47db939d5d2,,https://www.encodeproject.org/files/ENCFF193RVP/@@download/ENCFF193RVP.bam,GRCh38,,,,released,s3://encode-public/2017/12/03/ec6b4094-4ba3-4251-b6d9-6415ee7d3c97/ENCFF193RVP.bam,,,,
ENCFF957OIM,bam,alignments,ENCSR881XOU,whole-genome shotgun bisulfite sequencing,EFO:0001187,HepG2,cell line,Homo sapiens,,,,,,,,,,,DNA,,,,,False,2015-10-13,ENCODE,,,,1,,,,,,,"ENCFF161MAN, ENCFF220NMH, ENCFF706BRZ",125515836648,ENCODE Processing Pipeline,33a743f6bf68c80ec4cd24a9b548d5a4,,https://www.encodeproject.org/files/ENCFF957OIM/@@download/ENCFF957OIM.bam,GRCh38,,,,released,s3://encode-public/2016/03/11/30bc7e31-311d-49a6-879e-86cb50c146de/ENCFF957OIM.bam,,,,
ENCFF572KNK,bam,alignments,ENCSR881XOU,whole-genome shotgun bisulfite sequencing,EFO:0001187,HepG2,cell line,Homo sapiens,,,,,,,,,,,DNA,,,,,False,2015-10-13,ENCODE,,,,2,,,,,,,"ENCFF161MAN, ENCFF406GDR, ENCFF508BUS",128305828934,ENCODE Processing Pipeline,2879f28b4bf3ca1ef283553e06303e90,,https://www.encodeproject.org/files/ENCFF572KNK/@@download/ENCFF572KNK.bam,GRCh38,,,,released,s3://encode-public/2016/03/11/f01a003a-7cda-4290-8800-5aba820eea46/ENCFF572KNK.bam,,,,
ENCFF307ZEE,bam,alignments,ENCSR128RMY,whole-genome shotgun bisulfite sequencing,UBERON:0004264,lower leg skin,tissue,Homo sapiens,,,,,,,,,,,DNA,,,,,False,2018-01-22,ENCODE,,,,1,,,,,,,"ENCFF161MAN, ENCFF725RID, ENCFF942RWM",216015852162,ENCODE Processing Pipeline,b9c7487bef94eae71921e34959b22fd7,,https://www.encodeproject.org/files/ENCFF307ZEE/@@download/ENCFF307ZEE.bam,GRCh38,,,,released,s3://encode-public/2018/01/21/ee733a41-44dd-430e-bc7d-a2dab8336431/ENCFF307ZEE.bam,,,,
ENCFF431VXU,bam,alignments,ENCSR930WUY,whole-genome shotgun bisulfite sequencing,UBERON:0004264,lower leg skin,tissue,Homo sapiens,,,,,,,,,,,DNA,,,,,False,2018-01-22,ENCODE,,,,1,,,,,,,"ENCFF161MAN, ENCFF822VWY, ENCFF986FED",212480983447,ENCODE Processing Pipeline,2c3b3710c23edcacd849c5f1b325d59c,,https://www.encodeproject.org/files/ENCFF431VXU/@@download/ENCFF431VXU.bam,GRCh38,,,,released,s3://encode-public/2018/01/21/1a17ed83-8c7e-46da-ad70-3b37bd7e85f7/ENCFF431VXU.bam,,,,
ENCFF341KHF,bam,alignments,ENCSR750CPN,whole-genome shotgun bisulfite sequencing,UBERON:0002106,spleen,tissue,Homo sapiens,,,,,,,,,,,DNA,,,,,False,2018-01-22,ENCODE,,,,1,,,,,,,"ENCFF161MAN, ENCFF558LNP, ENCFF961QCM",217132815666,ENCODE Processing Pipeline,11916bc44e0d8ad7e5d63b00708c9d4d,,https://www.encodeproject.org/files/ENCFF341KHF/@@download/ENCFF341KHF.bam,GRCh38,,,,released,s3://encode-public/2018/01/21/fd2f4e15-ba71-4a23-b806-76bd41da085d/ENCFF341KHF.bam,,,,
ENCFF093BBI,bam,alignments,ENCSR579AXB,whole-genome shotgun bisulfite sequencing,UBERON:0002084,heart left ventricle,tissue,Homo sapiens,,,,,,,,,,,DNA,,QIAGEN DNeasy Blood & Tissue Kit,,,False,2013-07-31,Roadmap,,,,1,,,,,,,"ENCFF246HVP, ENCFF695BLL",117328835527,ENCODE Processing Pipeline,5f90f5a6765bfbee831926559fe55313,,https://www.encodeproject.org/files/ENCFF093BBI/@@download/ENCFF093BBI.bam,GRCh38,,,,released,s3://encode-public/2017/02/24/21841d92-cba2-4e7e-9b9c-0ba136b728cc/ENCFF093BBI.bam,,,,
ENCFF479WOW,bam,alignments,ENCSR579AXB,whole-genome shotgun bisulfite sequencing,UBERON:0002084,heart left ventricle,tissue,Homo sapiens,,,,,,,,,,,DNA,,QIAGEN DNeasy Blood & Tissue Kit,,,False,2013-07-31,Roadmap,,,,1,,,,,,,"ENCFF228ENS, ENCFF246HVP",262607629216,ENCODE Processing Pipeline,5fa89ba72fe603f802adad2a9c7b7a8b,,https://www.encodeproject.org/files/ENCFF479WOW/@@download/ENCFF479WOW.bam,GRCh38,,,,released,s3://encode-public/2017/02/24/95cc2b82-0c54-47c3-b679-e76d4228b4aa/ENCFF479WOW.bam,,,,
ENCFF008SVZ,bam,alignments,ENCSR786DCL,whole-genome shotgun bisulfite sequencing,EFO:0001187,HepG2,cell line,Homo sapiens,,,,,,,,,,,DNA,,,,,False,2017-12-01,ENCODE,,,,1,,,,,,,"ENCFF161MAN, ENCFF211RZY, ENCFF717MDZ",194167276443,ENCODE Processing Pipeline,08b1e85a6ccdbccfc252d2cb936dfff7,,https://www.encodeproject.org/files/ENCFF008SVZ/@@download/ENCFF008SVZ.bam,GRCh38,,,,released,s3://encode-public/2017/11/25/c6a46920-7bfa-4d8e-b304-69a25c229493/ENCFF008SVZ.bam,,,,
ENCFF910TUY,bam,alignments,ENCSR786DCL,whole-genome shotgun bisulfite sequencing,EFO:0001187,HepG2,cell line,Homo sapiens,,,,,,,,,,,DNA,,,,,False,2017-12-01,ENCODE,,,,2,,,,,,,"ENCFF161MAN, ENCFF563QAT, ENCFF954LFD",205045669631,ENCODE Processing Pipeline,db96b0a04c252771a1a365ca5c62f9f5,,https://www.encodeproject.org/files/ENCFF910TUY/@@download/ENCFF910TUY.bam,GRCh38,,,,released,s3://encode-public/2017/11/26/ddecaf21-2afa-4f69-964a-34c46956a13c/ENCFF910TUY.bam,,,,
ENCFF793ZGA,bam,alignments,ENCSR682WKG,whole-genome shotgun bisulfite sequencing,UBERON:0001774,muscle of trunk,tissue,Homo sapiens,,,,,,,,,,,DNA,,see document,,,False,2013-07-31,Roadmap,,,,1,,,,,,,"ENCFF038XMN, ENCFF161MAN, ENCFF261WCB, ENCFF387IZP, ENCFF452CEC, ENCFF671CBP, ENCFF929JLL",96733647256,ENCODE Processing Pipeline,07f1bdde99494e72d48c0b8e9c5ac9a3,,https://www.encodeproject.org/files/ENCFF793ZGA/@@download/ENCFF793ZGA.bam,GRCh38,,,,released,s3://encode-public/2017/11/27/ef9c379a-26d8-481e-b90c-e56cb9ca3a75/ENCFF793ZGA.bam,,,,
ENCFF094JOX,bam,alignments,ENCSR462KQY,whole-genome shotgun bisulfite sequencing,UBERON:0000059,large intestine,tissue,Homo sapiens,,,,,,,,,,,DNA,,see document,,,False,2013-07-31,Roadmap,,,,1,,,,,,,"ENCFF088SOE, ENCFF161MAN, ENCFF378YLD, ENCFF444EUF, ENCFF509TMP, ENCFF679ZHG, ENCFF753VMS, ENCFF946CYL, ENCFF988QRS",152457287994,ENCODE Processing Pipeline,a7a3153f27a1485c7b3900f8bd27c3a6,,https://www.encodeproject.org/files/ENCFF094JOX/@@download/ENCFF094JOX.bam,GRCh38,,,,released,s3://encode-public/2017/11/10/e48a299e-f432-4bb0-8917-d4d3444bcb7c/ENCFF094JOX.bam,,,,
ENCFF167FEY,bam,alignments,ENCSR803SIO,whole-genome shotgun bisulfite sequencing,UBERON:0000992,ovary,tissue,Homo sapiens,,,,,,,,,,,DNA,,,,,False,2017-12-04,ENCODE,,,,1,,,,,,,"ENCFF161MAN, ENCFF494WLO, ENCFF508YIS",205587670119,ENCODE Processing Pipeline,a7e265be8286fab372fd457b54e1a2c5,,https://www.encodeproject.org/files/ENCFF167FEY/@@download/ENCFF167FEY.bam,GRCh38,,,,released,s3://encode-public/2017/12/03/6bdbcc6d-c701-46f0-95dd-c8ba83593035/ENCFF167FEY.bam,,,,
ENCFF737XVC,bam,alignments,ENCSR999RWT,whole-genome shotgun bisulfite sequencing,UBERON:0000945,stomach,tissue,Homo sapiens,,,,,,,,,,,DNA,,QIAGEN DNeasy Blood & Tissue Kit,,,False,2013-07-31,Roadmap,,,,1,,,,,,,"ENCFF119DGJ, ENCFF246HVP",267906425661,ENCODE Processing Pipeline,ff29dcdd05d2ea1438bd22a2418e4c3b,,https://www.encodeproject.org/files/ENCFF737XVC/@@download/ENCFF737XVC.bam,GRCh38,,,,released,s3://encode-public/2017/02/24/ad21fe94-f01c-4cb6-aa90-45ba2c1195f2/ENCFF737XVC.bam,,,,
ENCFF661GJC,bam,alignments,ENCSR999RWT,whole-genome shotgun bisulfite sequencing,UBERON:0000945,stomach,tissue,Homo sapiens,,,,,,,,,,,DNA,,QIAGEN DNeasy Blood & Tissue Kit,,,False,2013-07-31,Roadmap,,,,1,,,,,,,"ENCFF246HVP, ENCFF954OEH",25386543218,ENCODE Processing Pipeline,b31bfff37a5123271c7659268a268ec4,,https://www.encodeproject.org/files/ENCFF661GJC/@@download/ENCFF661GJC.bam,GRCh38,,,,released,s3://encode-public/2017/02/24/c07d4e1b-c050-4e5b-9448-df362870a682/ENCFF661GJC.bam,,,,
ENCFF553DNR,bam,alignments,ENCSR999RWT,whole-genome shotgun bisulfite sequencing,UBERON:0000945,stomach,tissue,Homo sapiens,,,,,,,,,,,DNA,,QIAGEN DNeasy Blood & Tissue Kit,,,False,2013-07-31,Roadmap,,,,1,,,,,,,"ENCFF221YXG, ENCFF246HVP",49975610622,ENCODE Processing Pipeline,31c3d2be8c45929c339279a253f8094c,,https://www.encodeproject.org/files/ENCFF553DNR/@@download/ENCFF553DNR.bam,GRCh38,,,,released,s3://encode-public/2017/02/24/363a3ca6-46cc-4944-a8ee-1873189e3ef4/ENCFF553DNR.bam,,,,
ENCFF239DTC,bam,alignments,ENCSR739XWV,whole-genome shotgun bisulfite sequencing,UBERON:0001987,placenta,tissue,Homo sapiens,,,,,,,,,,,DNA,,see document,,,False,2013-07-31,Roadmap,,,,1,,,,,,,"ENCFF161MAN, ENCFF164ZJM, ENCFF225APL, ENCFF419KKW, ENCFF430EVD, ENCFF500YDY, ENCFF852LVK",81165569631,ENCODE Processing Pipeline,27622de18349d9c17988b7e965b1dcc2,,https://www.encodeproject.org/files/ENCFF239DTC/@@download/ENCFF239DTC.bam,GRCh38,,,,released,s3://encode-public/2017/11/22/dbd7b575-a6fb-4a1e-b805-7b76e4559169/ENCFF239DTC.bam,,,,
ENCFF759MZT,bam,alignments,ENCSR699ETV,whole-genome shotgun bisulfite sequencing,UBERON:0000948,heart,tissue,Homo sapiens,,,,,,,,,,,DNA,,see document,,,False,2013-07-31,Roadmap,,,,1,,,,,,,"ENCFF015ETR, ENCFF161MAN, ENCFF302LYP, ENCFF455ZIJ, ENCFF642BSV, ENCFF741BJX, ENCFF863GFR, ENCFF938TRA, ENCFF994SAV",155482583348,ENCODE Processing Pipeline,c583aa2a9882fd32d02c2b102ba1b5ed,,https://www.encodeproject.org/files/ENCFF759MZT/@@download/ENCFF759MZT.bam,GRCh38,,,,released,s3://encode-public/2017/12/06/1f8a1689-5077-43ff-bf53-939c028bfc2d/ENCFF759MZT.bam,,,,
ENCFF860VOZ,bam,alignments,ENCSR781LIC,whole-genome shotgun bisulfite sequencing,UBERON:0001264,pancreas,tissue,Homo sapiens,,,,,,,,,,,DNA,,QIAGEN DNeasy Blood & Tissue Kit,,,False,2013-07-31,Roadmap,,,,1,,,,,,,"ENCFF246HVP, ENCFF473TTY",84605015424,ENCODE Processing Pipeline,13e6f6c11a5fd9ea16be3201bbafddb1,,https://www.encodeproject.org/files/ENCFF860VOZ/@@download/ENCFF860VOZ.bam,GRCh38,,,,released,s3://encode-public/2017/10/05/a04d0a55-d133-4ae1-a325-0fead2f63888/ENCFF860VOZ.bam,,,,
ENCFF129FXM,bam,alignments,ENCSR781LIC,whole-genome shotgun bisulfite sequencing,UBERON:0001264,pancreas,tissue,Homo sapiens,,,,,,,,,,,DNA,,QIAGEN DNeasy Blood & Tissue Kit,,,False,2013-07-31,Roadmap,,,,1,,,,,,,"ENCFF224NXJ, ENCFF246HVP",288657674339,ENCODE Processing Pipeline,078ccb9e49e9721e31bfcc2cde66594b,,https://www.encodeproject.org/files/ENCFF129FXM/@@download/ENCFF129FXM.bam,GRCh38,,,,released,s3://encode-public/2017/10/05/52df8b33-54a5-4bef-a42a-efd499fbc149/ENCFF129FXM.bam,,,,
ENCFF151RSB,bam,alignments,ENCSR442IUA,whole-genome shotgun bisulfite sequencing,UBERON:0002080,heart right ventricle,tissue,Homo sapiens,,,,,,,,,,,DNA,,QIAGEN DNeasy Blood & Tissue Kit,,,False,2013-07-31,Roadmap,,,,1,,,,,,,"ENCFF246HVP, ENCFF634SCC",92967473043,ENCODE Processing Pipeline,da7d8bef2c5b96a88b0e804d1e26ec88,,https://www.encodeproject.org/files/ENCFF151RSB/@@download/ENCFF151RSB.bam,GRCh38,,,,released,s3://encode-public/2017/02/23/81d8fb43-542b-41f7-9d7e-f07984848a8d/ENCFF151RSB.bam,,,,
ENCFF732MWA,bam,alignments,ENCSR442IUA,whole-genome shotgun bisulfite sequencing,UBERON:0002080,heart right ventricle,tissue,Homo sapiens,,,,,,,,,,,DNA,,QIAGEN DNeasy Blood & Tissue Kit,,,False,2013-07-31,Roadmap,,,,1,,,,,,,"ENCFF108TDR, ENCFF246HVP",76051940527,ENCODE Processing Pipeline,d05b9189afb6ae210cde3050a7925d0f,,https://www.encodeproject.org/files/ENCFF732MWA/@@download/ENCFF732MWA.bam,GRCh38,,,,released,s3://encode-public/2017/02/23/7a08005b-939d-4cbc-a1ab-f8d1c5d9153e/ENCFF732MWA.bam,,,,
ENCFF382MFI,bam,alignments,ENCSR012TGL,whole-genome shotgun bisulfite sequencing,UBERON:0002084,heart left ventricle,tissue,Homo sapiens,,,,,,,,,,,DNA,,QIAGEN DNeasy Blood & Tissue Kit,,,False,2013-07-31,Roadmap,,,,1,,,,,,,"ENCFF246HVP, ENCFF816IDU",289419511883,ENCODE Processing Pipeline,ebec82ea0dd10d414cb89096ade92e8e,,https://www.encodeproject.org/files/ENCFF382MFI/@@download/ENCFF382MFI.bam,GRCh38,,,,released,s3://encode-public/2017/02/23/7c537b06-3018-4e04-8452-39f3dad945a5/ENCFF382MFI.bam,,,,
ENCFF984GJM,bam,alignments,ENCSR012TGL,whole-genome shotgun bisulfite sequencing,UBERON:0002084,heart left ventricle,tissue,Homo sapiens,,,,,,,,,,,DNA,,QIAGEN DNeasy Blood & Tissue Kit,,,False,2013-07-31,Roadmap,,,,1,,,,,,,"ENCFF246HVP, ENCFF968SKG",52393145592,ENCODE Processing Pipeline,f5ab9edaeaefa563a1d903b59d8ff179,,https://www.encodeproject.org/files/ENCFF984GJM/@@download/ENCFF984GJM.bam,GRCh38,,,,released,s3://encode-public/2017/02/24/77c462ce-d4b9-4e39-abf9-7bb4d1cd353d/ENCFF984GJM.bam,,,,
ENCFF501IFY,bam,alignments,ENCSR012TGL,whole-genome shotgun bisulfite sequencing,UBERON:0002084,heart left ventricle,tissue,Homo sapiens,,,,,,,,,,,DNA,,QIAGEN DNeasy Blood & Tissue Kit,,,False,2013-07-31,Roadmap,,,,1,,,,,,,"ENCFF246HVP, ENCFF442OCP",23947524396,ENCODE Processing Pipeline,90533f8d0f211f1b5e53856cedd6773f,,https://www.encodeproject.org/files/ENCFF501IFY/@@download/ENCFF501IFY.bam,GRCh38,,,,released,s3://encode-public/2017/02/24/3ed7dfd9-69a4-4a9c-825b-1993970e91ea/ENCFF501IFY.bam,,,,
ENCFF888GNX,bam,alignments,ENCSR893BUA,whole-genome shotgun bisulfite sequencing,UBERON:0000947,aorta,tissue,Homo sapiens,,,,,,,,,,,DNA,,QIAGEN DNeasy Blood & Tissue Kit,,,False,2013-07-31,Roadmap,,,,1,,,,,,,"ENCFF246HVP, ENCFF362FFF",74549162727,ENCODE Processing Pipeline,cac6f1ea4a3decd891ee10fa7c09f776,,https://www.encodeproject.org/files/ENCFF888GNX/@@download/ENCFF888GNX.bam,GRCh38,,,,released,s3://encode-public/2017/02/23/52f83bda-53aa-459d-8d26-d5fc3724439c/ENCFF888GNX.bam,,,,
ENCFF375RJP,bam,alignments,ENCSR893BUA,whole-genome shotgun bisulfite sequencing,UBERON:0000947,aorta,tissue,Homo sapiens,,,,,,,,,,,DNA,,QIAGEN DNeasy Blood & Tissue Kit,,,False,2013-07-31,Roadmap,,,,1,,,,,,,"ENCFF246HVP, ENCFF555LYY",77428918935,ENCODE Processing Pipeline,a108397f004b6bd765a7ec60d9473408,,https://www.encodeproject.org/files/ENCFF375RJP/@@download/ENCFF375RJP.bam,GRCh38,,,,released,s3://encode-public/2017/02/23/8fa549b2-1ad8-4660-8730-ce277e81f436/ENCFF375RJP.bam,,,,
ENCFF663LSZ,bam,alignments,ENCSR522UKJ,whole-genome shotgun bisulfite sequencing,UBERON:0002108,small intestine,tissue,Homo sapiens,,,,,,,,,,,DNA,,see document,,,False,2013-07-31,Roadmap,,,,1,,,,,,,"ENCFF137PEF, ENCFF161MAN, ENCFF208RLF, ENCFF601POG, ENCFF805FTE, ENCFF953UCP, ENCFF987UCR",119193482691,ENCODE Processing Pipeline,4124a4cdc00814b52303b107ea51ba68,,https://www.encodeproject.org/files/ENCFF663LSZ/@@download/ENCFF663LSZ.bam,GRCh38,,,,released,s3://encode-public/2017/10/31/cf7c5c8e-f166-4781-a388-519db2053c1c/ENCFF663LSZ.bam,,,,
ENCFF721YKT,bam,alignments,ENCSR457CPG,whole-genome shotgun bisulfite sequencing,CL:0000223,endodermal cell,in vitro differentiated cells,Homo sapiens,,,,,,,,,,,DNA,,see document,,,False,2013-07-31,Roadmap,,,,1,,,,,,,"ENCFF079ENN, ENCFF161MAN, ENCFF228SEY, ENCFF498FXK, ENCFF572BQN, ENCFF835PFE, ENCFF840UUI",102409756953,ENCODE Processing Pipeline,5c402ebde98cd18d1f9118e6978d6970,,https://www.encodeproject.org/files/ENCFF721YKT/@@download/ENCFF721YKT.bam,GRCh38,,,,released,s3://encode-public/2017/12/04/c5273ae3-f58d-4e6e-a62b-0cc124eba045/ENCFF721YKT.bam,,,,
ENCFF316GOO,bam,alignments,ENCSR451ZUG,whole-genome shotgun bisulfite sequencing,UBERON:0001383,muscle of leg,tissue,Homo sapiens,,,,,,,,,,,DNA,,see document,,,False,2013-07-31,Roadmap,,,,1,,,,,,,"ENCFF161MAN, ENCFF221DWL, ENCFF595PRW, ENCFF693NES, ENCFF818LXV, ENCFF944WEU, ENCFF971CPV",65065593274,ENCODE Processing Pipeline,a2e4ede90d1bb542d4e34f23b6707e3d,,https://www.encodeproject.org/files/ENCFF316GOO/@@download/ENCFF316GOO.bam,GRCh38,,,,released,s3://encode-public/2017/11/21/3c61f5fa-e68c-4807-8698-024f2f254509/ENCFF316GOO.bam,,,,
ENCFF231KBM,bam,alignments,ENCSR113KSF,whole-genome shotgun bisulfite sequencing,UBERON:0002108,small intestine,tissue,Homo sapiens,,,,,,,,,,,DNA,,QIAGEN DNeasy Blood & Tissue Kit,,,False,2013-07-31,Roadmap,,,,1,,,,,,,"ENCFF246HVP, ENCFF632ZUM",77475302696,ENCODE Processing Pipeline,47fd02df42a0770087f6d54d1f8e7321,,https://www.encodeproject.org/files/ENCFF231KBM/@@download/ENCFF231KBM.bam,GRCh38,,,,released,s3://encode-public/2017/02/23/ea9c3811-3cd9-4d56-81e9-2df3a2803b5f/ENCFF231KBM.bam,,,,
ENCFF109IEE,bam,alignments,ENCSR113KSF,whole-genome shotgun bisulfite sequencing,UBERON:0002108,small intestine,tissue,Homo sapiens,,,,,,,,,,,DNA,,QIAGEN DNeasy Blood & Tissue Kit,,,False,2013-07-31,Roadmap,,,,1,,,,,,,"ENCFF246HVP, ENCFF606MEY",62783714049,ENCODE Processing Pipeline,e0c17946131fed859677ea7a3d6373cf,,https://www.encodeproject.org/files/ENCFF109IEE/@@download/ENCFF109IEE.bam,GRCh38,,,,released,s3://encode-public/2017/02/23/8e996e32-65d5-4c48-98c6-7bad19c48e46/ENCFF109IEE.bam,,,,
ENCFF035IUM,bam,alignments,ENCSR862LLM,whole-genome shotgun bisulfite sequencing,UBERON:0002106,spleen,tissue,Homo sapiens,,,,,,,,,,,DNA,,QIAGEN DNeasy Blood & Tissue Kit,,,False,2013-07-31,Roadmap,,,,1,,,,,,,"ENCFF246HVP, ENCFF338YJK",86886144430,ENCODE Processing Pipeline,8773b990ddb4d62b9702a294dc67a7d8,,https://www.encodeproject.org/files/ENCFF035IUM/@@download/ENCFF035IUM.bam,GRCh38,,,,released,s3://encode-public/2017/02/23/c851ee66-eef3-43cb-8bd5-0a7822d60abc/ENCFF035IUM.bam,,,,
ENCFF342EMY,bam,alignments,ENCSR862LLM,whole-genome shotgun bisulfite sequencing,UBERON:0002106,spleen,tissue,Homo sapiens,,,,,,,,,,,DNA,,QIAGEN DNeasy Blood & Tissue Kit,,,False,2013-07-31,Roadmap,,,,1,,,,,,,"ENCFF004LAO, ENCFF246HVP",99795595399,ENCODE Processing Pipeline,8b41a670b57ee8fab7e8cdf2ede93bfc,,https://www.encodeproject.org/files/ENCFF342EMY/@@download/ENCFF342EMY.bam,GRCh38,,,,released,s3://encode-public/2017/02/23/3809db89-d776-40be-b8b7-4c465b6c20ab/ENCFF342EMY.bam,,,,
ENCFF974OSM,bam,alignments,ENCSR539UBP,whole-genome shotgun bisulfite sequencing,UBERON:0001013,adipose tissue,tissue,Homo sapiens,,,,,,,,,,,DNA,,QIAGEN DNeasy Blood & Tissue Kit,,,False,2013-07-31,Roadmap,,,,1,,,,,,,"ENCFF246HVP, ENCFF952ITC",53262938575,ENCODE Processing Pipeline,1becb6a94c53c385fc55cf4b6081a811,,https://www.encodeproject.org/files/ENCFF974OSM/@@download/ENCFF974OSM.bam,GRCh38,,,,released,s3://encode-public/2017/10/13/877ac8c9-a6bb-4b7a-bc50-4b87b274bc02/ENCFF974OSM.bam,,,,
ENCFF490FOO,bam,alignments,ENCSR539UBP,whole-genome shotgun bisulfite sequencing,UBERON:0001013,adipose tissue,tissue,Homo sapiens,,,,,,,,,,,DNA,,QIAGEN DNeasy Blood & Tissue Kit,,,False,2013-07-31,Roadmap,,,,1,,,,,,,"ENCFF145JOD, ENCFF246HVP",309018987761,ENCODE Processing Pipeline,e190befa0600f7d898500f6b514b37e4,,https://www.encodeproject.org/files/ENCFF490FOO/@@download/ENCFF490FOO.bam,GRCh38,,,,released,s3://encode-public/2017/10/13/83adb676-5764-44fd-99bd-1c61e4cc9993/ENCFF490FOO.bam,,,,
ENCFF272PBZ,bam,alignments,ENCSR539UBP,whole-genome shotgun bisulfite sequencing,UBERON:0001013,adipose tissue,tissue,Homo sapiens,,,,,,,,,,,DNA,,QIAGEN DNeasy Blood & Tissue Kit,,,False,2013-07-31,Roadmap,,,,1,,,,,,,"ENCFF246HVP, ENCFF247WYM, ENCFF271MXH",26745653905,ENCODE Processing Pipeline,72928baafa6efbf08bff23b494b89a8e,,https://www.encodeproject.org/files/ENCFF272PBZ/@@download/ENCFF272PBZ.bam,GRCh38,,,,released,s3://encode-public/2017/10/13/a9c50f9a-1aa9-465c-95e9-e92104eaded5/ENCFF272PBZ.bam,,,,
ENCFF812REK,bam,alignments,ENCSR141JKC,whole-genome shotgun bisulfite sequencing,UBERON:0008450,psoas muscle,tissue,Homo sapiens,,,,,,,,,,,DNA,,QIAGEN DNeasy Blood & Tissue Kit,,,False,2013-07-31,Roadmap,,,,1,,,,,,,"ENCFF246HVP, ENCFF587BMR",76488039908,ENCODE Processing Pipeline,c3be5ffc6dd7a04bf7a92c816b58e19a,,https://www.encodeproject.org/files/ENCFF812REK/@@download/ENCFF812REK.bam,GRCh38,,,,released,s3://encode-public/2017/02/23/48d4a30f-f5f5-400f-aa95-579bc5e2999d/ENCFF812REK.bam,,,,
ENCFF308URY,bam,alignments,ENCSR141JKC,whole-genome shotgun bisulfite sequencing,UBERON:0008450,psoas muscle,tissue,Homo sapiens,,,,,,,,,,,DNA,,QIAGEN DNeasy Blood & Tissue Kit,,,False,2013-07-31,Roadmap,,,,1,,,,,,,"ENCFF059ALK, ENCFF246HVP",79312205442,ENCODE Processing Pipeline,9b132d35a4b4c84b5e78a2e934404d55,,https://www.encodeproject.org/files/ENCFF308URY/@@download/ENCFF308URY.bam,GRCh38,,,,released,s3://encode-public/2017/02/23/1ca6c700-1aa9-4c26-85c6-e00357ed04c0/ENCFF308URY.bam,,,,
ENCFF995SGT,bam,alignments,ENCSR265ZHH,whole-genome shotgun bisulfite sequencing,UBERON:0002108,small intestine,tissue,Homo sapiens,,,,,,,,,,,DNA,,QIAGEN DNeasy Blood & Tissue Kit,,,False,2013-07-31,Roadmap,,,,1,,,,,,,"ENCFF196SRZ, ENCFF246HVP",97984597909,ENCODE Processing Pipeline,8d765b917ea787f7b7e54ae7ea73fa49,,https://www.encodeproject.org/files/ENCFF995SGT/@@download/ENCFF995SGT.bam,GRCh38,,,,released,s3://encode-public/2017/02/24/85796be9-d99e-4d17-b398-daa278d8e746/ENCFF995SGT.bam,,,,
ENCFF848HWO,bam,alignments,ENCSR265ZHH,whole-genome shotgun bisulfite sequencing,UBERON:0002108,small intestine,tissue,Homo sapiens,,,,,,,,,,,DNA,,QIAGEN DNeasy Blood & Tissue Kit,,,False,2013-07-31,Roadmap,,,,1,,,,,,,"ENCFF246HVP, ENCFF682HPR",204874881224,ENCODE Processing Pipeline,faf4569a72954b09faf6f70c33b3a887,,https://www.encodeproject.org/files/ENCFF848HWO/@@download/ENCFF848HWO.bam,GRCh38,,,,released,s3://encode-public/2017/02/24/6bf58d14-74e8-4a2b-8772-a03e6755e07b/ENCFF848HWO.bam,,,,
ENCFF520PHX,bam,alignments,ENCSR265ZHH,whole-genome shotgun bisulfite sequencing,UBERON:0002108,small intestine,tissue,Homo sapiens,,,,,,,,,,,DNA,,QIAGEN DNeasy Blood & Tissue Kit,,,False,2013-07-31,Roadmap,,,,1,,,,,,,"ENCFF104DYQ, ENCFF246HVP",25578314669,ENCODE Processing Pipeline,4fdc3c747931a04ed18deb573d783c95,,https://www.encodeproject.org/files/ENCFF520PHX/@@download/ENCFF520PHX.bam,GRCh38,,,,released,s3://encode-public/2017/02/24/69127cef-724e-4b69-a9e2-4a37fb089834/ENCFF520PHX.bam,,,,
ENCFF338XGV,bam,alignments,ENCSR626YZN,whole-genome shotgun bisulfite sequencing,UBERON:0002080,heart right ventricle,tissue,Homo sapiens,,,,,,,,,,,DNA,,QIAGEN DNeasy Blood & Tissue Kit,,,False,2013-07-31,Roadmap,,,,1,,,,,,,"ENCFF246HVP, ENCFF375NTZ",241664662390,ENCODE Processing Pipeline,d9df9526af9a7a9df25bb091262017a0,,https://www.encodeproject.org/files/ENCFF338XGV/@@download/ENCFF338XGV.bam,GRCh38,,,,released,s3://encode-public/2017/10/12/c10da8c2-0783-47ab-9ca2-554a52f5a182/ENCFF338XGV.bam,,,,
ENCFF055IQZ,bam,alignments,ENCSR626YZN,whole-genome shotgun bisulfite sequencing,UBERON:0002080,heart right ventricle,tissue,Homo sapiens,,,,,,,,,,,DNA,,QIAGEN DNeasy Blood & Tissue Kit,,,False,2013-07-31,Roadmap,,,,1,,,,,,,"ENCFF233NET, ENCFF246HVP",53686741205,ENCODE Processing Pipeline,0ba78d6e346f772eb05a711c119a36c0,,https://www.encodeproject.org/files/ENCFF055IQZ/@@download/ENCFF055IQZ.bam,GRCh38,,,,released,s3://encode-public/2017/10/13/55df4efd-cd31-43aa-8733-19c45f05051b/ENCFF055IQZ.bam,,,,
ENCFF663LBM,bam,alignments,ENCSR626YZN,whole-genome shotgun bisulfite sequencing,UBERON:0002080,heart right ventricle,tissue,Homo sapiens,,,,,,,,,,,DNA,,QIAGEN DNeasy Blood & Tissue Kit,,,False,2013-07-31,Roadmap,,,,1,,,,,,,"ENCFF246HVP, ENCFF578POQ",25233304158,ENCODE Processing Pipeline,9cafe57544e42524526861eb159768f8,,https://www.encodeproject.org/files/ENCFF663LBM/@@download/ENCFF663LBM.bam,GRCh38,,,,released,s3://encode-public/2017/10/13/8bab8935-ea32-4f25-b82d-9c804bec5f4f/ENCFF663LBM.bam,,,,
ENCFF805HPH,bam,alignments,ENCSR626YZN,whole-genome shotgun bisulfite sequencing,UBERON:0002080,heart right ventricle,tissue,Homo sapiens,,,,,,,,,,,DNA,,QIAGEN DNeasy Blood & Tissue Kit,,,False,2013-07-31,Roadmap,,,,1,,,,,,,"ENCFF107YVE, ENCFF129PKG, ENCFF246HVP, ENCFF441ILR, ENCFF447JOT, ENCFF482JGN, ENCFF511YKV, ENCFF721QTH, ENCFF756MUH, ENCFF941XFF, ENCFF991WZT, ENCFF998QLW",21269745978,ENCODE Processing Pipeline,a5aeb2fb8e77b808a63c3071387659cb,,https://www.encodeproject.org/files/ENCFF805HPH/@@download/ENCFF805HPH.bam,GRCh38,,,,released,s3://encode-public/2017/10/13/b40ea5de-7be4-4eb8-8fef-af00770df517/ENCFF805HPH.bam,,,,
ENCFF780CEC,bam,alignments,ENCSR556KEJ,whole-genome shotgun bisulfite sequencing,UBERON:0002048,lung,tissue,Homo sapiens,,,,,,,,,,,DNA,,QIAGEN DNeasy Blood & Tissue Kit,,,False,2013-07-31,Roadmap,,,,1,,,,,,,"ENCFF246HVP, ENCFF435IGQ",96990218715,ENCODE Processing Pipeline,e34ccb653f39e69bbb54b197a22ad3b7,,https://www.encodeproject.org/files/ENCFF780CEC/@@download/ENCFF780CEC.bam,GRCh38,,,,released,s3://encode-public/2017/02/24/ec5af436-2f22-4bc1-87c9-182f3c5fc74d/ENCFF780CEC.bam,,,,
ENCFF036ODG,bam,alignments,ENCSR556KEJ,whole-genome shotgun bisulfite sequencing,UBERON:0002048,lung,tissue,Homo sapiens,,,,,,,,,,,DNA,,QIAGEN DNeasy Blood & Tissue Kit,,,False,2013-07-31,Roadmap,,,,1,,,,,,,"ENCFF198UQU, ENCFF246HVP",256010811762,ENCODE Processing Pipeline,398167ae372948af25377bd401495ea9,,https://www.encodeproject.org/files/ENCFF036ODG/@@download/ENCFF036ODG.bam,GRCh38,,,,released,s3://encode-public/2017/02/24/257a56c5-e9a4-4d15-85c3-caefe4ce4a5e/ENCFF036ODG.bam,,,,
ENCFF724EVE,bam,alignments,ENCSR925GVY,whole-genome shotgun bisulfite sequencing,UBERON:0002078,right cardiac atrium,tissue,Homo sapiens,,,,,,,,,,,DNA,,QIAGEN DNeasy Blood & Tissue Kit,,,False,2013-07-31,Roadmap,,,,1,,,,,,,"ENCFF246HVP, ENCFF420KYF",297081813248,ENCODE Processing Pipeline,1badbf11b5132d90e89da811039a492e,,https://www.encodeproject.org/files/ENCFF724EVE/@@download/ENCFF724EVE.bam,GRCh38,,,,released,s3://encode-public/2017/02/24/a83235b4-4eb8-4f23-a9c5-b7019d565810/ENCFF724EVE.bam,,,,
ENCFF012ERG,bam,alignments,ENCSR925GVY,whole-genome shotgun bisulfite sequencing,UBERON:0002078,right cardiac atrium,tissue,Homo sapiens,,,,,,,,,,,DNA,,QIAGEN DNeasy Blood & Tissue Kit,,,False,2013-07-31,Roadmap,,,,1,,,,,,,"ENCFF246HVP, ENCFF280UDD",26971171794,ENCODE Processing Pipeline,f84b3c684c9ce04c9ff0fe8280473c58,,https://www.encodeproject.org/files/ENCFF012ERG/@@download/ENCFF012ERG.bam,GRCh38,,,,released,s3://encode-public/2017/02/24/0f98797c-df95-4af9-a5b2-cd7ea809f26b/ENCFF012ERG.bam,,,,
ENCFF735DJH,bam,alignments,ENCSR925GVY,whole-genome shotgun bisulfite sequencing,UBERON:0002078,right cardiac atrium,tissue,Homo sapiens,,,,,,,,,,,DNA,,QIAGEN DNeasy Blood & Tissue Kit,,,False,2013-07-31,Roadmap,,,,1,,,,,,,"ENCFF246HVP, ENCFF447JHA",27794253428,ENCODE Processing Pipeline,c4bb205b6545650a1b1c60bf802aec35,,https://www.encodeproject.org/files/ENCFF735DJH/@@download/ENCFF735DJH.bam,GRCh38,,,,released,s3://encode-public/2017/02/24/082e12de-084a-44ed-b133-c3b7e1774c74/ENCFF735DJH.bam,,,,
ENCFF027YKJ,bam,alignments,ENCSR405XVT,whole-genome shotgun bisulfite sequencing,UBERON:0001264,pancreas,tissue,Homo sapiens,,,,,,,,,,,DNA,,QIAGEN DNeasy Blood & Tissue Kit,,,False,2013-07-31,Roadmap,,,,1,,,,,,,"ENCFF246HVP, ENCFF497TIY",78692817765,ENCODE Processing Pipeline,aa1130947d918176d935ede5bd76e513,,https://www.encodeproject.org/files/ENCFF027YKJ/@@download/ENCFF027YKJ.bam,GRCh38,,,,released,s3://encode-public/2017/02/23/170d9443-2024-4e60-9fc0-eaf5c518abf8/ENCFF027YKJ.bam,,,,
ENCFF566ITI,bam,alignments,ENCSR405XVT,whole-genome shotgun bisulfite sequencing,UBERON:0001264,pancreas,tissue,Homo sapiens,,,,,,,,,,,DNA,,QIAGEN DNeasy Blood & Tissue Kit,,,False,2013-07-31,Roadmap,,,,1,,,,,,,"ENCFF246HVP, ENCFF716LXQ",78185381231,ENCODE Processing Pipeline,ad219d17f804f0c0187448263760519e,,https://www.encodeproject.org/files/ENCFF566ITI/@@download/ENCFF566ITI.bam,GRCh38,,,,released,s3://encode-public/2017/02/23/e492ad15-ab9f-45e6-a956-26289da6f398/ENCFF566ITI.bam,,,,
ENCFF285ZGH,bam,alignments,ENCSR681FHD,whole-genome shotgun bisulfite sequencing,UBERON:0002369,adrenal gland,tissue,Homo sapiens,,,,,,,,,,,DNA,,see document,,,False,2013-07-31,Roadmap,,,,1,,,,,,,"ENCFF161MAN, ENCFF231YTW, ENCFF348YUZ, ENCFF418LXF, ENCFF748XEA, ENCFF761AWT, ENCFF948JNT",55328400040,ENCODE Processing Pipeline,6e0a9ea810d4752528267ff25cd5b669,,https://www.encodeproject.org/files/ENCFF285ZGH/@@download/ENCFF285ZGH.bam,GRCh38,,,,released,s3://encode-public/2017/11/20/2ae37fa7-26e9-456f-a35f-0b61eb199899/ENCFF285ZGH.bam,,,,
ENCFF031ZCF,bam,alignments,ENCSR458MAV,whole-genome shotgun bisulfite sequencing,UBERON:0002240,spinal cord,tissue,Homo sapiens,,,,,,,,,,,DNA,,see document,,,False,2013-07-31,Roadmap,,,,1,,,,,,,"ENCFF062FOO, ENCFF135RVS, ENCFF161MAN, ENCFF491TZE, ENCFF565PRZ, ENCFF743UTP, ENCFF984YDX",84551338708,ENCODE Processing Pipeline,7687f8d8611661db9e7d7aab4596aec8,,https://www.encodeproject.org/files/ENCFF031ZCF/@@download/ENCFF031ZCF.bam,GRCh38,,,,released,s3://encode-public/2017/11/26/bd00c8f4-7549-46cd-8fc2-5d628b9696c0/ENCFF031ZCF.bam,,,,
ENCFF079RGH,bam,alignments,ENCSR440MLE,whole-genome shotgun bisulfite sequencing,EFO:0005723,GM23248,cell line,Homo sapiens,,,,,,,,,,,DNA,,,,,False,2015-10-13,ENCODE,,,,1,,,,,,,"ENCFF161MAN, ENCFF354XXM, ENCFF369ZCU",132331952547,ENCODE Processing Pipeline,0c502376e940d7b0cd870f3a32cff972,,https://www.encodeproject.org/files/ENCFF079RGH/@@download/ENCFF079RGH.bam,GRCh38,,,,released,s3://encode-public/2016/03/11/5e9b8670-36f6-4216-a2f2-84fb48cc3be3/ENCFF079RGH.bam,,,,
ENCFF119ELB,bam,alignments,ENCSR440MLE,whole-genome shotgun bisulfite sequencing,EFO:0005723,GM23248,cell line,Homo sapiens,,,,,,,,,,,DNA,,,,,False,2015-10-13,ENCODE,,,,2,,,,,,,"ENCFF161MAN, ENCFF249KHC, ENCFF868MLN",148654660781,ENCODE Processing Pipeline,4939c9e2c4e315c859a0bce21d899a56,,https://www.encodeproject.org/files/ENCFF119ELB/@@download/ENCFF119ELB.bam,GRCh38,,,,released,s3://encode-public/2016/03/11/64ef03b0-6699-40f7-ae5e-1a50b1f81051/ENCFF119ELB.bam,,,,
ENCFF194SXB,bam,alignments,ENCSR987GWQ,whole-genome shotgun bisulfite sequencing,UBERON:0001159,sigmoid colon,tissue,Homo sapiens,,,,,,,,,,,DNA,,QIAGEN DNeasy Blood & Tissue Kit,,,False,2013-07-31,Roadmap,,,,1,,,,,,,"ENCFF246HVP, ENCFF383JKM",114312676070,ENCODE Processing Pipeline,1bab17d6de62ef0c7d93d19ca587da78,,https://www.encodeproject.org/files/ENCFF194SXB/@@download/ENCFF194SXB.bam,GRCh38,,,,released,s3://encode-public/2017/02/23/10c2f322-912b-4191-beb3-92941433c3c0/ENCFF194SXB.bam,,,,
ENCFF705LNO,bam,alignments,ENCSR987GWQ,whole-genome shotgun bisulfite sequencing,UBERON:0001159,sigmoid colon,tissue,Homo sapiens,,,,,,,,,,,DNA,,QIAGEN DNeasy Blood & Tissue Kit,,,False,2013-07-31,Roadmap,,,,1,,,,,,,"ENCFF246HVP, ENCFF908EMN",245736485309,ENCODE Processing Pipeline,22aee8bf40d5465ef0fdb3009325a5a2,,https://www.encodeproject.org/files/ENCFF705LNO/@@download/ENCFF705LNO.bam,GRCh38,,,,released,s3://encode-public/2017/02/24/66616db2-c8fe-44b1-ae37-fa97886c4d3c/ENCFF705LNO.bam,,,,
ENCFF304DGQ,bam,alignments,ENCSR481JIW,whole-genome shotgun bisulfite sequencing,EFO:0001086,A549,cell line,Homo sapiens,,,,,,,,,,,DNA,,,,,False,2017-12-04,ENCODE,,,,1,,,,,,,"ENCFF161MAN, ENCFF327QCK, ENCFF986UWM",206677339219,ENCODE Processing Pipeline,f9304f1d13755397144179919d49f25b,,https://www.encodeproject.org/files/ENCFF304DGQ/@@download/ENCFF304DGQ.bam,GRCh38,,,,released,s3://encode-public/2017/12/02/7c2be076-4cd0-4f37-a662-ad24ec5561c6/ENCFF304DGQ.bam,,,,
ENCFF885KWQ,bam,alignments,ENCSR481JIW,whole-genome shotgun bisulfite sequencing,EFO:0001086,A549,cell line,Homo sapiens,,,,,,,,,,,DNA,,,,,False,2017-12-04,ENCODE,,,,2,,,,,,,"ENCFF161MAN, ENCFF251FLW, ENCFF565VHN",206656991665,ENCODE Processing Pipeline,93452af88b2be864cc501c120bdb47b0,,https://www.encodeproject.org/files/ENCFF885KWQ/@@download/ENCFF885KWQ.bam,GRCh38,,,,released,s3://encode-public/2017/12/02/d7410ae4-74c8-4e7b-81a1-26dc5c4bec9a/ENCFF885KWQ.bam,,,,
ENCFF026EHN,bam,alignments,ENCSR741FVM,whole-genome shotgun bisulfite sequencing,UBERON:0002369,adrenal gland,tissue,Homo sapiens,,,,,,,,,,,DNA,,,,,False,2017-12-04,ENCODE,,,,1,,,,,,,"ENCFF161MAN, ENCFF287MIO, ENCFF500BJS",181298190801,ENCODE Processing Pipeline,213beb9c92a6d07f7153804ecdc1a401,,https://www.encodeproject.org/files/ENCFF026EHN/@@download/ENCFF026EHN.bam,GRCh38,,,,released,s3://encode-public/2017/12/01/5083fdf9-3e18-4fd2-8d5c-bc2459009ccf/ENCFF026EHN.bam,,,,
ENCFF703MUJ,bam,alignments,ENCSR675POY,whole-genome shotgun bisulfite sequencing,UBERON:0002369,adrenal gland,tissue,Homo sapiens,,,,,,,,,,,DNA,,QIAGEN DNeasy Blood & Tissue Kit,,,False,2013-07-31,Roadmap,,,,1,,,,,,,"ENCFF173EHC, ENCFF246HVP",87435590298,ENCODE Processing Pipeline,ca71452ea6cca2f26304a4300e61fbcb,,https://www.encodeproject.org/files/ENCFF703MUJ/@@download/ENCFF703MUJ.bam,GRCh38,,,,released,s3://encode-public/2017/02/23/d8943b37-8ea5-4184-8230-54b88b88f0e7/ENCFF703MUJ.bam,,,,
ENCFF675PWE,bam,alignments,ENCSR675POY,whole-genome shotgun bisulfite sequencing,UBERON:0002369,adrenal gland,tissue,Homo sapiens,,,,,,,,,,,DNA,,QIAGEN DNeasy Blood & Tissue Kit,,,False,2013-07-31,Roadmap,,,,1,,,,,,,"ENCFF246HVP, ENCFF276QEO",90564760364,ENCODE Processing Pipeline,e55c50da391fad52492799c623f47637,,https://www.encodeproject.org/files/ENCFF675PWE/@@download/ENCFF675PWE.bam,GRCh38,,,,released,s3://encode-public/2017/02/23/b41390c0-5116-4bf8-a3b1-15f4511fd382/ENCFF675PWE.bam,,,,
ENCFF721VIZ,bam,alignments,ENCSR656TQD,whole-genome shotgun bisulfite sequencing,CL:0002327,mammary epithelial cell,primary cell,Homo sapiens,,,,,,,,,,,DNA,,,,,False,2016-06-14,ENCODE,,,,1,,,,,,,"ENCFF106LFQ, ENCFF161MAN, ENCFF249ESJ",117179409994,ENCODE Processing Pipeline,a3b3781228871e21ff767fb42b98451f,,https://www.encodeproject.org/files/ENCFF721VIZ/@@download/ENCFF721VIZ.bam,GRCh38,,,,released,s3://encode-public/2016/03/17/9f00e91b-cf39-49f3-9f4e-328262920aba/ENCFF721VIZ.bam,,,,
ENCFF818KZX,bam,alignments,ENCSR656TQD,whole-genome shotgun bisulfite sequencing,CL:0002327,mammary epithelial cell,primary cell,Homo sapiens,,,,,,,,,,,DNA,,,,,False,2016-06-14,ENCODE,,,,2,,,,,,,"ENCFF161MAN, ENCFF337XLQ, ENCFF670TUN",167295457897,ENCODE Processing Pipeline,429b3a80bbd27524e8fc1cc6116b511d,,https://www.encodeproject.org/files/ENCFF818KZX/@@download/ENCFF818KZX.bam,GRCh38,,,,released,s3://encode-public/2016/03/17/eb550456-0492-474f-9ff9-dd4c711542c9/ENCFF818KZX.bam,,,,
ENCFF508VQJ,bam,alignments,ENCSR328TBS,whole-genome shotgun bisulfite sequencing,CL:0000515,skeletal muscle myoblast,primary cell,Homo sapiens,,,,,,,,,,,DNA,,,,,False,2016-03-22,ENCODE,,,,1,,,,,,,"ENCFF161MAN, ENCFF331AID, ENCFF710XQC",243177729105,ENCODE Processing Pipeline,e59da28b30f1c0ac6c2a1b1d350de6d1,,https://www.encodeproject.org/files/ENCFF508VQJ/@@download/ENCFF508VQJ.bam,GRCh38,,,,released,s3://encode-public/2016/03/16/310ccdfc-7b48-4c17-ad9e-638545c78f7e/ENCFF508VQJ.bam,,,,
ENCFF731UMA,bam,alignments,ENCSR328TBS,whole-genome shotgun bisulfite sequencing,CL:0000515,skeletal muscle myoblast,primary cell,Homo sapiens,,,,,,,,,,,DNA,,,,,False,2016-03-22,ENCODE,,,,2,,,,,,,"ENCFF055UXZ, ENCFF161MAN, ENCFF764NTF",169247847283,ENCODE Processing Pipeline,6d56685037aa86c9fda6e3aa95a1a4be,,https://www.encodeproject.org/files/ENCFF731UMA/@@download/ENCFF731UMA.bam,GRCh38,,,,released,s3://encode-public/2016/03/16/fb4a6c2a-a407-4ff5-a5a9-1f883fbf7e52/ENCFF731UMA.bam,,,,
ENCFF693KTE,bam,alignments,ENCSR284TCU,whole-genome shotgun bisulfite sequencing,CL:0000236,B cell,primary cell,Homo sapiens,,,,,,,,,,,DNA,,see document,,,False,2013-07-31,Roadmap,,,,1,,,,,,,"ENCFF161MAN, ENCFF287BZA, ENCFF298WIA, ENCFF558TGE, ENCFF785ZPB, ENCFF844UUO, ENCFF975UGM",83590840066,ENCODE Processing Pipeline,116dd611df55f7895d3601702565ab5e,,https://www.encodeproject.org/files/ENCFF693KTE/@@download/ENCFF693KTE.bam,GRCh38,,,,released,s3://encode-public/2017/11/27/17e12a9f-ab0d-4843-be7a-3d4db6f833e6/ENCFF693KTE.bam,,,,
ENCFF502RJT,bam,alignments,ENCSR608JPV,whole-genome shotgun bisulfite sequencing,UBERON:0001013,adipose tissue,tissue,Homo sapiens,,,,,,,,,,,DNA,,QIAGEN DNeasy Blood & Tissue Kit,,,False,2013-07-31,Roadmap,,,,1,,,,,,,"ENCFF246HVP, ENCFF367HRQ",85722841637,ENCODE Processing Pipeline,c6909cef72ec05ad774041bef0f861b2,,https://www.encodeproject.org/files/ENCFF502RJT/@@download/ENCFF502RJT.bam,GRCh38,,,,released,s3://encode-public/2017/02/23/961e36a0-b071-4295-bbeb-95310d3b1673/ENCFF502RJT.bam,,,,
ENCFF501PAS,bam,alignments,ENCSR608JPV,whole-genome shotgun bisulfite sequencing,UBERON:0001013,adipose tissue,tissue,Homo sapiens,,,,,,,,,,,DNA,,QIAGEN DNeasy Blood & Tissue Kit,,,False,2013-07-31,Roadmap,,,,1,,,,,,,"ENCFF246HVP, ENCFF789ABO",63740069224,ENCODE Processing Pipeline,85e9e711936402bf8c53f4c23855902f,,https://www.encodeproject.org/files/ENCFF501PAS/@@download/ENCFF501PAS.bam,GRCh38,,,,released,s3://encode-public/2017/02/23/32955a81-d239-4145-8b14-33d7ac31650e/ENCFF501PAS.bam,,,,
ENCFF297RGZ,bam,alignments,ENCSR577RUU,whole-genome shotgun bisulfite sequencing,UBERON:0000945,stomach,tissue,Homo sapiens,,,,,,,,,,,DNA,,QIAGEN DNeasy Blood & Tissue Kit,,,False,2013-07-31,Roadmap,,,,1,,,,,,,"ENCFF246HVP, ENCFF645LKZ",87104590460,ENCODE Processing Pipeline,8b486eb69873109a5bcaa80cec25a77e,,https://www.encodeproject.org/files/ENCFF297RGZ/@@download/ENCFF297RGZ.bam,GRCh38,,,,released,s3://encode-public/2017/02/23/30bf0166-089e-4f51-ab85-2f5ddcce7e97/ENCFF297RGZ.bam,,,,
ENCFF639KSF,bam,alignments,ENCSR577RUU,whole-genome shotgun bisulfite sequencing,UBERON:0000945,stomach,tissue,Homo sapiens,,,,,,,,,,,DNA,,QIAGEN DNeasy Blood & Tissue Kit,,,False,2013-07-31,Roadmap,,,,1,,,,,,,"ENCFF122YBA, ENCFF246HVP",96294954595,ENCODE Processing Pipeline,16e992eacfdab80a01ae0bff86dca8d9,,https://www.encodeproject.org/files/ENCFF639KSF/@@download/ENCFF639KSF.bam,GRCh38,,,,released,s3://encode-public/2017/02/23/03e169c8-89ed-4a11-8981-2df604b8752a/ENCFF639KSF.bam,,,,
ENCFF480VWO,bam,alignments,ENCSR658MZU,whole-genome shotgun bisulfite sequencing,UBERON:0001323,tibial nerve,tissue,Homo sapiens,,,,,,,,,,,DNA,,,,,False,2018-01-22,ENCODE,,,,1,,,,,,,"ENCFF161MAN, ENCFF329YKL, ENCFF700WCW",211018685213,ENCODE Processing Pipeline,7931d95a3bf561abf07915ffe2644ada,,https://www.encodeproject.org/files/ENCFF480VWO/@@download/ENCFF480VWO.bam,GRCh38,,,,released,s3://encode-public/2018/01/21/163bfb2b-0ee2-464b-a004-61db42729cf1/ENCFF480VWO.bam,,,,
ENCFF107WIQ,bam,alignments,ENCSR752OCM,whole-genome shotgun bisulfite sequencing,UBERON:0001323,tibial nerve,tissue,Homo sapiens,,,,,,,,,,,DNA,,,,,False,2018-01-18,ENCODE,,,,1,,,,,,,"ENCFF156UKB, ENCFF161MAN, ENCFF384NGS",212154611993,ENCODE Processing Pipeline,569e7cc5040c7fc26fb662d2b21d2e91,,https://www.encodeproject.org/files/ENCFF107WIQ/@@download/ENCFF107WIQ.bam,GRCh38,,,,released,s3://encode-public/2018/01/08/90686d7b-9814-478c-9137-b3b5beae3b1a/ENCFF107WIQ.bam,,,,
ENCFF296OAY,bam,alignments,ENCSR914REH,whole-genome shotgun bisulfite sequencing,UBERON:0002370,thymus,tissue,Homo sapiens,,,,,,,,,,,DNA,,QIAGEN DNeasy Blood & Tissue Kit,,,False,2013-07-31,Roadmap,,,,1,,,,,,,"ENCFF246HVP, ENCFF701FZZ",328079779833,ENCODE Processing Pipeline,66012aa153377dd07203543365bc9513,,https://www.encodeproject.org/files/ENCFF296OAY/@@download/ENCFF296OAY.bam,GRCh38,,,,released,s3://encode-public/2017/02/24/2c63521f-cb38-4271-bd8c-b01536f6f280/ENCFF296OAY.bam,,,,
ENCFF674DYK,bam,alignments,ENCSR914REH,whole-genome shotgun bisulfite sequencing,UBERON:0002370,thymus,tissue,Homo sapiens,,,,,,,,,,,DNA,,QIAGEN DNeasy Blood & Tissue Kit,,,False,2013-07-31,Roadmap,,,,1,,,,,,,"ENCFF246HVP, ENCFF405CGC",21260374060,ENCODE Processing Pipeline,98e0e30cd2f34576d9798dcbb6218082,,https://www.encodeproject.org/files/ENCFF674DYK/@@download/ENCFF674DYK.bam,GRCh38,,,,released,s3://encode-public/2017/02/25/fe0abc8a-8c5e-4738-ad8a-8438fb054991/ENCFF674DYK.bam,,,,
ENCFF969EWC,bam,alignments,ENCSR357BWB,whole-genome shotgun bisulfite sequencing,UBERON:0002108,small intestine,tissue,Homo sapiens,,,,,,,,,,,DNA,,QIAGEN DNeasy Blood & Tissue Kit,,,False,2013-07-31,Roadmap,,,,1,,,,,,,"ENCFF246HVP, ENCFF730HKJ",63695929538,ENCODE Processing Pipeline,d5f6ceafb700622a2d249d50987c3c89,,https://www.encodeproject.org/files/ENCFF969EWC/@@download/ENCFF969EWC.bam,GRCh38,,,,released,s3://encode-public/2017/02/23/f66585f1-2d26-4088-a70a-ff2d76ae90a2/ENCFF969EWC.bam,,,,
ENCFF675AAS,bam,alignments,ENCSR357BWB,whole-genome shotgun bisulfite sequencing,UBERON:0002108,small intestine,tissue,Homo sapiens,,,,,,,,,,,DNA,,QIAGEN DNeasy Blood & Tissue Kit,,,False,2013-07-31,Roadmap,,,,1,,,,,,,"ENCFF199XDV, ENCFF246HVP",67561510581,ENCODE Processing Pipeline,3e2eea51d4562979e101f887db4fca88,,https://www.encodeproject.org/files/ENCFF675AAS/@@download/ENCFF675AAS.bam,GRCh38,,,,released,s3://encode-public/2017/02/23/a79c127f-260c-4e93-8224-ed05a69355b8/ENCFF675AAS.bam,,,,
ENCFF568BWU,bam,alignments,ENCSR517MZU,whole-genome shotgun bisulfite sequencing,UBERON:0004550,gastroesophageal sphincter,tissue,Homo sapiens,,,,,,,,,,,DNA,,,,,False,2018-12-22,ENCODE,,,,1,,,,,,,"ENCFF161MAN, ENCFF556SNZ, ENCFF924CLN",93587066886,ENCODE Processing Pipeline,d1705b3bb557e679c74b05b1a7da7306,,https://www.encodeproject.org/files/ENCFF568BWU/@@download/ENCFF568BWU.bam,GRCh38,,,,released,s3://encode-public/2019/10/18/55515eba-f417-4938-9c33-9abc77348eb2/ENCFF568BWU.bam,,,,
ENCFF538VBI,bam,alignments,ENCSR022QUM,whole-genome shotgun bisulfite sequencing,UBERON:0002369,adrenal gland,tissue,Homo sapiens,,,,,,,,,,,DNA,,QIAGEN DNeasy Blood & Tissue Kit,,,False,2013-07-31,Roadmap,,,,1,,,,,,,"ENCFF235UNL, ENCFF246HVP",239878871406,ENCODE Processing Pipeline,54f2dfce7338623bf3c935fb78fa0666,,https://www.encodeproject.org/files/ENCFF538VBI/@@download/ENCFF538VBI.bam,GRCh38,,,,released,s3://encode-public/2017/02/23/e33af846-67d9-40b7-ba6e-5c5aa916a868/ENCFF538VBI.bam,,,,
ENCFF931UCU,bam,alignments,ENCSR022QUM,whole-genome shotgun bisulfite sequencing,UBERON:0002369,adrenal gland,tissue,Homo sapiens,,,,,,,,,,,DNA,,QIAGEN DNeasy Blood & Tissue Kit,,,False,2013-07-31,Roadmap,,,,1,,,,,,,"ENCFF046NSX, ENCFF246HVP",51470595268,ENCODE Processing Pipeline,df860c888002257accca90ef34440c2e,,https://www.encodeproject.org/files/ENCFF931UCU/@@download/ENCFF931UCU.bam,GRCh38,,,,released,s3://encode-public/2017/02/24/6a992120-c381-48e5-8fb9-c8ded717ad6b/ENCFF931UCU.bam,,,,
ENCFF576YUB,bam,alignments,ENCSR022QUM,whole-genome shotgun bisulfite sequencing,UBERON:0002369,adrenal gland,tissue,Homo sapiens,,,,,,,,,,,DNA,,QIAGEN DNeasy Blood & Tissue Kit,,,False,2013-07-31,Roadmap,,,,1,,,,,,,"ENCFF246HVP, ENCFF451HQC",52498051673,ENCODE Processing Pipeline,853d30da91f1d835da1bc04099c7826b,,https://www.encodeproject.org/files/ENCFF576YUB/@@download/ENCFF576YUB.bam,GRCh38,,,,released,s3://encode-public/2017/02/24/2c98880d-c93d-415f-bbc7-836281024b95/ENCFF576YUB.bam,,,,
ENCFF581MVM,bam,alignments,ENCSR797TEV,whole-genome shotgun bisulfite sequencing,UBERON:0002048,lung,tissue,Homo sapiens,,,,,,,,,,,DNA,,QIAGEN DNeasy Blood & Tissue Kit,,,False,2013-07-31,Roadmap,,,,1,,,,,,,"ENCFF246HVP, ENCFF414AAO",73420798605,ENCODE Processing Pipeline,947067035829222af822912aa6dba662,,https://www.encodeproject.org/files/ENCFF581MVM/@@download/ENCFF581MVM.bam,GRCh38,,,,released,s3://encode-public/2017/02/23/4e9973fe-1161-4a52-9b79-01c637486c7b/ENCFF581MVM.bam,,,,
ENCFF865VQL,bam,alignments,ENCSR797TEV,whole-genome shotgun bisulfite sequencing,UBERON:0002048,lung,tissue,Homo sapiens,,,,,,,,,,,DNA,,QIAGEN DNeasy Blood & Tissue Kit,,,False,2013-07-31,Roadmap,,,,1,,,,,,,"ENCFF246HVP, ENCFF607VFL",73953956383,ENCODE Processing Pipeline,69ee0bf5ea25d1781d82d906a6e6ab2e,,https://www.encodeproject.org/files/ENCFF865VQL/@@download/ENCFF865VQL.bam,GRCh38,,,,released,s3://encode-public/2017/02/23/a3b2c76c-3902-4d10-ba72-438deba3fa82/ENCFF865VQL.bam,,,,
ENCFF887EPE,bam,alignments,ENCSR839GNN,whole-genome shotgun bisulfite sequencing,UBERON:0004550,gastroesophageal sphincter,tissue,Homo sapiens,,,,,,,,,,,DNA,,,,,False,2018-12-22,ENCODE,,,,1,,,,,,,"ENCFF161MAN, ENCFF918KRK, ENCFF940WEO",64691467116,ENCODE Processing Pipeline,0523e32f1fa1a1e00313dacb56ab2fa1,,https://www.encodeproject.org/files/ENCFF887EPE/@@download/ENCFF887EPE.bam,GRCh38,,,,released,s3://encode-public/2019/10/31/d5113e9f-42d5-4033-aa43-f54ec5856d98/ENCFF887EPE.bam,,,,
ENCFF936CIB,bam,alignments,ENCSR623SXW,whole-genome shotgun bisulfite sequencing,UBERON:0001255,urinary bladder,tissue,Homo sapiens,,,,,,,,,,,DNA,,QIAGEN DNeasy Blood & Tissue Kit,,,False,2013-07-31,Roadmap,,,,1,,,,,,,"ENCFF246HVP, ENCFF503XQG",22706040308,ENCODE Processing Pipeline,c8498ec4eab425a93444b0d7b4fa75c4,,https://www.encodeproject.org/files/ENCFF936CIB/@@download/ENCFF936CIB.bam,GRCh38,,,,released,s3://encode-public/2018/02/01/f6dd2325-434c-4d99-8813-5a84eca28c0b/ENCFF936CIB.bam,,,,
ENCFF830QMI,bam,alignments,ENCSR623SXW,whole-genome shotgun bisulfite sequencing,UBERON:0001255,urinary bladder,tissue,Homo sapiens,,,,,,,,,,,DNA,,QIAGEN DNeasy Blood & Tissue Kit,,,False,2013-07-31,Roadmap,,,,1,,,,,,,"ENCFF008YRN, ENCFF246HVP",344402412635,ENCODE Processing Pipeline,c911bcfb1c2f2bc53c0e16f72f1ff28d,,https://www.encodeproject.org/files/ENCFF830QMI/@@download/ENCFF830QMI.bam,GRCh38,,,,released,s3://encode-public/2018/02/02/813a061c-403b-47f5-85f8-159ebd01440b/ENCFF830QMI.bam,,,,
ENCFF905UKH,bam,alignments,ENCSR145HNT,whole-genome shotgun bisulfite sequencing,EFO:0003072,SK-N-SH,cell line,Homo sapiens,,,,,,,,,,,DNA,,,,,False,2017-12-13,ENCODE,,,,1,,,,,,,"ENCFF016QYV, ENCFF161MAN, ENCFF768ZOC",203549479616,ENCODE Processing Pipeline,36e421518083cd367e8a83bed52e0fbe,,https://www.encodeproject.org/files/ENCFF905UKH/@@download/ENCFF905UKH.bam,GRCh38,,,,released,s3://encode-public/2017/12/01/b93c9029-45cc-466d-b32b-b1c518a28091/ENCFF905UKH.bam,,,,
ENCFF797HWQ,bam,alignments,ENCSR145HNT,whole-genome shotgun bisulfite sequencing,EFO:0003072,SK-N-SH,cell line,Homo sapiens,,,,,,,,,,,DNA,,,,,False,2017-12-13,ENCODE,,,,2,,,,,,,"ENCFF161MAN, ENCFF510CJF, ENCFF638HLZ",194678526836,ENCODE Processing Pipeline,8ab52392bb17a427d8800fc08432fc46,,https://www.encodeproject.org/files/ENCFF797HWQ/@@download/ENCFF797HWQ.bam,GRCh38,,,,released,s3://encode-public/2017/12/12/afa1359c-1b3d-47ec-a260-3c92a1ca5278/ENCFF797HWQ.bam,,,,
ENCFF779ZPY,bam,alignments,ENCSR999CXD,whole-genome shotgun bisulfite sequencing,EFO:0006711,OCI-LY7,cell line,Homo sapiens,,,,,,,,,,,DNA,,,,,False,2017-12-04,ENCODE,,,,1,,,,,,,"ENCFF161MAN, ENCFF363NHP, ENCFF384QWG",215164472239,ENCODE Processing Pipeline,d672d972b727237d262f06a873de4379,,https://www.encodeproject.org/files/ENCFF779ZPY/@@download/ENCFF779ZPY.bam,GRCh38,,,,released,s3://encode-public/2017/12/03/5a669e61-bd57-4ef7-9bc4-dd5d85af526d/ENCFF779ZPY.bam,,,,
ENCFF439FXX,bam,alignments,ENCSR999CXD,whole-genome shotgun bisulfite sequencing,EFO:0006711,OCI-LY7,cell line,Homo sapiens,,,,,,,,,,,DNA,,,,,False,2017-12-04,ENCODE,,,,2,,,,,,,"ENCFF007FYK, ENCFF161MAN, ENCFF419MXX",213294943524,ENCODE Processing Pipeline,18c8b32fd3f65f11820a4a2e26d09e0e,,https://www.encodeproject.org/files/ENCFF439FXX/@@download/ENCFF439FXX.bam,GRCh38,,,,released,s3://encode-public/2017/12/03/d840cea7-bc3f-46c5-9a57-07cf0ef2bd3a/ENCFF439FXX.bam,,,,
ENCFF831EBH,bam,alignments,ENCSR959RNH,whole-genome shotgun bisulfite sequencing,CL:0000192,smooth muscle cell,in vitro differentiated cells,Homo sapiens,,,,,,,,,,,DNA,,,,,False,2016-03-22,ENCODE,,,,1,,,,,,,"ENCFF161MAN, ENCFF702XTN, ENCFF791UZW",222392910973,ENCODE Processing Pipeline,64813a2e42543da85e48484528924e23,,https://www.encodeproject.org/files/ENCFF831EBH/@@download/ENCFF831EBH.bam,GRCh38,,,,released,s3://encode-public/2016/03/18/6197a625-afe5-4578-890a-71c3c5934012/ENCFF831EBH.bam,,,,
ENCFF806IBJ,bam,alignments,ENCSR959RNH,whole-genome shotgun bisulfite sequencing,CL:0000192,smooth muscle cell,in vitro differentiated cells,Homo sapiens,,,,,,,,,,,DNA,,,,,False,2016-03-22,ENCODE,,,,2,,,,,,,"ENCFF161MAN, ENCFF182JIJ, ENCFF947AUO",223371160767,ENCODE Processing Pipeline,72c63be160561f0e370da73baab3330a,,https://www.encodeproject.org/files/ENCFF806IBJ/@@download/ENCFF806IBJ.bam,GRCh38,,,,released,s3://encode-public/2016/03/18/019877e1-1ae7-4ebe-8b3e-e917131118bf/ENCFF806IBJ.bam,,,,
ENCFF356KGQ,bam,alignments,ENCSR713WYJ,whole-genome shotgun bisulfite sequencing,UBERON:0002107,liver,tissue,Homo sapiens,,,,,,,,,,,DNA,,QIAGEN DNeasy Blood & Tissue Kit,,,False,2013-07-31,Roadmap,,,,1,,,,,,,"ENCFF246HVP, ENCFF887XUB",349713409055,ENCODE Processing Pipeline,7d0e2d5e4063a324b096173679ba4513,,https://www.encodeproject.org/files/ENCFF356KGQ/@@download/ENCFF356KGQ.bam,GRCh38,,,,released,s3://encode-public/2018/02/02/3b85a972-939e-4668-b357-5f16f3450f7e/ENCFF356KGQ.bam,,,,
ENCFF076KAT,bam,alignments,ENCSR317JGM,whole-genome shotgun bisulfite sequencing,UBERON:0002106,spleen,tissue,Homo sapiens,,,,,,,,,,,DNA,,QIAGEN DNeasy Blood & Tissue Kit,,,False,2013-07-31,Roadmap,,,,1,,,,,,,"ENCFF106RQY, ENCFF246HVP",83993396258,ENCODE Processing Pipeline,f7c8e088eeed094aa8f455167c9faf2d,,https://www.encodeproject.org/files/ENCFF076KAT/@@download/ENCFF076KAT.bam,GRCh38,,,,released,s3://encode-public/2017/02/23/68b46b83-1437-4420-90bf-0482cc086d54/ENCFF076KAT.bam,,,,
ENCFF548BFU,bam,alignments,ENCSR317JGM,whole-genome shotgun bisulfite sequencing,UBERON:0002106,spleen,tissue,Homo sapiens,,,,,,,,,,,DNA,,QIAGEN DNeasy Blood & Tissue Kit,,,False,2013-07-31,Roadmap,,,,1,,,,,,,"ENCFF215QRU, ENCFF246HVP",84663642994,ENCODE Processing Pipeline,12024855d531f81514c46d705fa0450f,,https://www.encodeproject.org/files/ENCFF548BFU/@@download/ENCFF548BFU.bam,GRCh38,,,,released,s3://encode-public/2017/02/23/36f2d1bd-b629-4c27-b7c6-68612bca6d00/ENCFF548BFU.bam,,,,
ENCFF256KGO,bam,alignments,ENCSR224CTR,whole-genome shotgun bisulfite sequencing,UBERON:0008952,upper lobe of left lung,tissue,Homo sapiens,,,,,,,,,,,DNA,,,,,False,2017-12-04,ENCODE,,,,1,,,,,,,"ENCFF161MAN, ENCFF500XTP, ENCFF614ZOG",197583795163,ENCODE Processing Pipeline,ca4190c49e13240d0fd879340ae3adf2,,https://www.encodeproject.org/files/ENCFF256KGO/@@download/ENCFF256KGO.bam,GRCh38,,,,released,s3://encode-public/2017/12/01/5807108c-7ebe-4d17-ba7c-1af4136d4db1/ENCFF256KGO.bam,,,,
ENCFF969XDH,bam,alignments,ENCSR129YRJ,whole-genome shotgun bisulfite sequencing,UBERON:0000945,stomach,tissue,Homo sapiens,,,,,,,,,,,DNA,,see document,,,False,2013-07-31,Roadmap,,,,1,,,,,,,"ENCFF161MAN, ENCFF343BBO, ENCFF423GHI, ENCFF589FET, ENCFF931AUS, ENCFF985GNQ, ENCFF993GZB",99329528016,ENCODE Processing Pipeline,afa8491e9b129c695df97812fca1f6dc,,https://www.encodeproject.org/files/ENCFF969XDH/@@download/ENCFF969XDH.bam,GRCh38,,,,released,s3://encode-public/2017/11/25/999393c8-c6dd-446e-a792-89677583743f/ENCFF969XDH.bam,,,,
ENCFF112OJY,bam,alignments,ENCSR093NGZ,whole-genome shotgun bisulfite sequencing,CL:0000221,ectodermal cell,in vitro differentiated cells,Homo sapiens,,,,,,,,,,,DNA,,see document,,,False,2013-07-31,Roadmap,,,,1,,,,,,,"ENCFF045NZI, ENCFF161MAN, ENCFF398AKM, ENCFF515GLQ, ENCFF852ZWW",68447053743,ENCODE Processing Pipeline,f3e96f02678666fd2688b72250e1d646,,https://www.encodeproject.org/files/ENCFF112OJY/@@download/ENCFF112OJY.bam,GRCh38,,,,released,s3://encode-public/2017/12/06/06760bc6-e1b5-49e7-b04a-2d43f1268688/ENCFF112OJY.bam,,,,
ENCFF246UBF,bam,alignments,ENCSR093NGZ,whole-genome shotgun bisulfite sequencing,CL:0000221,ectodermal cell,in vitro differentiated cells,Homo sapiens,,,,,,,,,,,DNA,,see document,,,False,2013-07-31,Roadmap,,,,1,,,,,,,"ENCFF161MAN, ENCFF408XGL, ENCFF628NNV, ENCFF955CPJ, ENCFF998BQQ",66828190445,ENCODE Processing Pipeline,21cdacfe4763dcc2087554d0734cc91f,,https://www.encodeproject.org/files/ENCFF246UBF/@@download/ENCFF246UBF.bam,GRCh38,,,,released,s3://encode-public/2017/12/06/a4922723-2bd4-4b65-9f88-5d6dd2435964/ENCFF246UBF.bam,,,,
ENCFF183GPO,bam,alignments,ENCSR093NGZ,whole-genome shotgun bisulfite sequencing,CL:0000221,ectodermal cell,in vitro differentiated cells,Homo sapiens,,,,,,,,,,,DNA,,see document,,,False,2013-07-31,Roadmap,,,,1,,,,,,,"ENCFF161MAN, ENCFF266JRA, ENCFF319HAV, ENCFF382XOP, ENCFF536XFN, ENCFF626GAD, ENCFF941WEJ",94923371080,ENCODE Processing Pipeline,fa42ce85323a414b712b7f0b9b78ddc0,,https://www.encodeproject.org/files/ENCFF183GPO/@@download/ENCFF183GPO.bam,GRCh38,,,,released,s3://encode-public/2017/12/06/10d00c05-2340-4593-84b4-199eb1c54a4f/ENCFF183GPO.bam,,,,
ENCFF129CBM,bam,alignments,ENCSR652ELW,whole-genome shotgun bisulfite sequencing,UBERON:0002106,spleen,tissue,Homo sapiens,,,,,,,,,,,DNA,,QIAGEN DNeasy Blood & Tissue Kit,,,False,2013-07-31,Roadmap,,,,1,,,,,,,"ENCFF053MIA, ENCFF246HVP",108861181800,ENCODE Processing Pipeline,4572555b14d263c13debfa1dc4636109,,https://www.encodeproject.org/files/ENCFF129CBM/@@download/ENCFF129CBM.bam,GRCh38,,,,released,s3://encode-public/2017/02/23/1b1aad3b-280a-4a49-b030-affdac75da00/ENCFF129CBM.bam,,,,
ENCFF722OJB,bam,alignments,ENCSR652ELW,whole-genome shotgun bisulfite sequencing,UBERON:0002106,spleen,tissue,Homo sapiens,,,,,,,,,,,DNA,,QIAGEN DNeasy Blood & Tissue Kit,,,False,2013-07-31,Roadmap,,,,1,,,,,,,"ENCFF246HVP, ENCFF328LGS",244830339977,ENCODE Processing Pipeline,1cbe2f76e7dbab2dae8125e897bf285d,,https://www.encodeproject.org/files/ENCFF722OJB/@@download/ENCFF722OJB.bam,GRCh38,,,,released,s3://encode-public/2017/02/24/2e51805f-5bd8-4c11-9c52-1209d0f4eb12/ENCFF722OJB.bam,,,,
ENCFF247LYJ,bam,alignments,ENCSR634GFF,whole-genome shotgun bisulfite sequencing,UBERON:0001043,esophagus,tissue,Homo sapiens,,,,,,,,,,,DNA,,QIAGEN DNeasy Blood & Tissue Kit,,,False,2013-07-31,Roadmap,,,,1,,,,,,,"ENCFF246HVP, ENCFF390MNR",73849951965,ENCODE Processing Pipeline,84772587304a9b29dea9abaf28aa453a,,https://www.encodeproject.org/files/ENCFF247LYJ/@@download/ENCFF247LYJ.bam,GRCh38,,,,released,s3://encode-public/2017/02/23/d8e96885-d7ff-4463-8fea-abce421ffb65/ENCFF247LYJ.bam,,,,
ENCFF794BXD,bam,alignments,ENCSR634GFF,whole-genome shotgun bisulfite sequencing,UBERON:0001043,esophagus,tissue,Homo sapiens,,,,,,,,,,,DNA,,QIAGEN DNeasy Blood & Tissue Kit,,,False,2013-07-31,Roadmap,,,,1,,,,,,,"ENCFF127QSZ, ENCFF246HVP",82651048223,ENCODE Processing Pipeline,00cef549a0bb5681dc22d6babaacad09,,https://www.encodeproject.org/files/ENCFF794BXD/@@download/ENCFF794BXD.bam,GRCh38,,,,released,s3://encode-public/2017/02/23/3f43f04c-8d97-4463-b161-62de0cea2296/ENCFF794BXD.bam,,,,
ENCFF845DYE,bam,alignments,ENCSR663MXB,whole-genome shotgun bisulfite sequencing,CL:0000084,T-cell,primary cell,Homo sapiens,,,,,,,,,,,DNA,,see document,,,False,2013-07-31,Roadmap,,,,1,,,,,,,"ENCFF006NYV, ENCFF114FIN, ENCFF146OFL, ENCFF161MAN, ENCFF186YWV, ENCFF208GNY, ENCFF246WKG, ENCFF269TXV, ENCFF750HWC",90022166293,ENCODE Processing Pipeline,b339d5fbc65b6ae4bb50f3d81b315a59,,https://www.encodeproject.org/files/ENCFF845DYE/@@download/ENCFF845DYE.bam,GRCh38,,,,released,s3://encode-public/2017/11/27/da8e5e2b-d403-4713-90ec-0d93f9f5bbb7/ENCFF845DYE.bam,,,,
ENCFF920LTE,bam,alignments,ENCSR200KWM,whole-genome shotgun bisulfite sequencing,CL:0000222,mesodermal cell,in vitro differentiated cells,Homo sapiens,,,,,,,,,,,DNA,,see document,,,False,2013-07-31,Roadmap,,,,1,,,,,,,"ENCFF022DNM, ENCFF060CFU, ENCFF161MAN, ENCFF173UGS, ENCFF798OGV, ENCFF895YJQ, ENCFF911RQR",95461674051,ENCODE Processing Pipeline,492215ae828c9968aa945cd7ee261f53,,https://www.encodeproject.org/files/ENCFF920LTE/@@download/ENCFF920LTE.bam,GRCh38,,,,released,s3://encode-public/2017/12/04/c3946cac-3ec9-4c25-951d-486559f2e434/ENCFF920LTE.bam,,,,
ENCFF422NYP,bam,alignments,ENCSR598OBF,whole-genome shotgun bisulfite sequencing,UBERON:0000945,stomach,tissue,Homo sapiens,,,,,,,,,,,DNA,,,,,False,2018-01-22,ENCODE,,,,1,,,,,,,"ENCFF116KBT, ENCFF161MAN, ENCFF446IRX",218973566780,ENCODE Processing Pipeline,426fbe59bda1abe8e9d07d383d08b4fa,,https://www.encodeproject.org/files/ENCFF422NYP/@@download/ENCFF422NYP.bam,GRCh38,,,,released,s3://encode-public/2018/01/21/502e973f-5aa6-48aa-a85c-bf673a525ef2/ENCFF422NYP.bam,,,,
ENCFF197JDB,bam,alignments,ENCSR482HXU,whole-genome shotgun bisulfite sequencing,UBERON:0000947,aorta,tissue,Homo sapiens,,,,,,,,,,,DNA,,QIAGEN DNeasy Blood & Tissue Kit,,,False,2013-07-31,Roadmap,,,,1,,,,,,,"ENCFF246HVP, ENCFF844NUZ",202725126821,ENCODE Processing Pipeline,d12fe3e4a5a58607e04781bc33ef4b8e,,https://www.encodeproject.org/files/ENCFF197JDB/@@download/ENCFF197JDB.bam,GRCh38,,,,released,s3://encode-public/2018/02/01/a17a96f1-1e31-4182-8954-2109ffb66304/ENCFF197JDB.bam,,,,
ENCFF869NLK,bam,alignments,ENCSR482HXU,whole-genome shotgun bisulfite sequencing,UBERON:0000947,aorta,tissue,Homo sapiens,,,,,,,,,,,DNA,,QIAGEN DNeasy Blood & Tissue Kit,,,False,2013-07-31,Roadmap,,,,1,,,,,,,"ENCFF246HVP, ENCFF411GLK",258443553575,ENCODE Processing Pipeline,f3221c98d7aabeca8bc87eb9da51c89d,,https://www.encodeproject.org/files/ENCFF869NLK/@@download/ENCFF869NLK.bam,GRCh38,,,,released,s3://encode-public/2018/02/02/fbd4f72e-f9e2-4ebc-b6fd-41172f1c54f7/ENCFF869NLK.bam,,,,
ENCFF685TYF,bam,alignments,ENCSR482HXU,whole-genome shotgun bisulfite sequencing,UBERON:0000947,aorta,tissue,Homo sapiens,,,,,,,,,,,DNA,,QIAGEN DNeasy Blood & Tissue Kit,,,False,2013-07-31,Roadmap,,,,1,,,,,,,"ENCFF246HVP, ENCFF704YBU",59120481681,ENCODE Processing Pipeline,fbd0b0eb178b60fd5f4d9a1e5d97b843,,https://www.encodeproject.org/files/ENCFF685TYF/@@download/ENCFF685TYF.bam,GRCh38,,,,released,s3://encode-public/2018/02/02/62c5ec36-ff67-431d-a159-ee6727f597b7/ENCFF685TYF.bam,,,,
ENCFF328VNO,bam,alignments,ENCSR482HXU,whole-genome shotgun bisulfite sequencing,UBERON:0000947,aorta,tissue,Homo sapiens,,,,,,,,,,,DNA,,QIAGEN DNeasy Blood & Tissue Kit,,,False,2013-07-31,Roadmap,,,,1,,,,,,,"ENCFF246HVP, ENCFF996NKQ",55915627136,ENCODE Processing Pipeline,a256d9a99262b301c6d3d8313671fe7b,,https://www.encodeproject.org/files/ENCFF328VNO/@@download/ENCFF328VNO.bam,GRCh38,,,,released,s3://encode-public/2018/02/02/d169099f-8c7e-4fb2-a7f7-c2b7f7aabb71/ENCFF328VNO.bam,,,,
ENCFF348VHM,bam,alignments,ENCSR482HXU,whole-genome shotgun bisulfite sequencing,UBERON:0000947,aorta,tissue,Homo sapiens,,,,,,,,,,,DNA,,QIAGEN DNeasy Blood & Tissue Kit,,,False,2013-07-31,Roadmap,,,,1,,,,,,,"ENCFF229UOM, ENCFF246HVP, ENCFF500JET",28612225862,ENCODE Processing Pipeline,d378fceb82d2a21bba8beff818848035,,https://www.encodeproject.org/files/ENCFF348VHM/@@download/ENCFF348VHM.bam,GRCh38,,,,released,s3://encode-public/2018/02/02/2c8f34bb-e4b9-4593-aa2f-a3cb6a7b5462/ENCFF348VHM.bam,,,,
ENCFF552STF,bam,alignments,ENCSR334LSM,whole-genome shotgun bisulfite sequencing,CL:0000623,natural killer cell,primary cell,Homo sapiens,,,,,,,,,,,DNA,,see document,,,False,2013-07-31,Roadmap,,,,1,,,,,,,"ENCFF054FQZ, ENCFF161MAN, ENCFF246MJZ, ENCFF389JVR, ENCFF397ACJ, ENCFF748BCP, ENCFF786CXI",78331851751,ENCODE Processing Pipeline,27689163a589941a24de7a2c9a11c251,,https://www.encodeproject.org/files/ENCFF552STF/@@download/ENCFF552STF.bam,GRCh38,,,,released,s3://encode-public/2017/11/26/3244bd6d-51c4-406d-b82a-0a2cf88aba13/ENCFF552STF.bam,,,,
ENCFF251WWP,bam,alignments,ENCSR017BUL,whole-genome shotgun bisulfite sequencing,CL:0001054,CD14-positive monocyte,primary cell,Homo sapiens,,,,,,,,,,,DNA,,see document,,,False,2013-07-31,Roadmap,,,,1,,,,,,,"ENCFF112QYX, ENCFF161MAN, ENCFF365FYV, ENCFF593NRK, ENCFF598UCR, ENCFF607HJY, ENCFF798YNG, ENCFF836KOW, ENCFF946RJW",93551907793,ENCODE Processing Pipeline,46e252e39c0a6f8618ba6087ce65137e,,https://www.encodeproject.org/files/ENCFF251WWP/@@download/ENCFF251WWP.bam,GRCh38,,,,released,s3://encode-public/2017/11/25/feb09a17-f94c-4351-a3a5-adbcd6c3176b/ENCFF251WWP.bam,,,,
ENCFF792XGZ,bam,alignments,ENCSR853BXB,whole-genome shotgun bisulfite sequencing,UBERON:0006920,esophagus squamous epithelium,tissue,Homo sapiens,,,,,,,,,,,DNA,,,,,False,2018-12-22,ENCODE,,,,1,,,,,,,"ENCFF161MAN, ENCFF306SYB, ENCFF647GJA",118494829525,ENCODE Processing Pipeline,7d6cc15b635e24e04029a932f466cd1e,,https://www.encodeproject.org/files/ENCFF792XGZ/@@download/ENCFF792XGZ.bam,GRCh38,,,,released,s3://encode-public/2019/11/19/d87dc91c-7247-4ef0-a20b-2d7f82ac9594/ENCFF792XGZ.bam,,,,
ENCFF041EYC,bam,alignments,ENCSR079MPL,whole-genome shotgun bisulfite sequencing,CL:0000221,ectodermal cell,in vitro differentiated cells,Homo sapiens,,,,,,,,,,,DNA,,see document,,,False,2013-07-31,Roadmap,,,,1,,,,,,,"ENCFF124AUO, ENCFF161MAN, ENCFF179ZKR, ENCFF292NCD, ENCFF337FWM, ENCFF505CVJ, ENCFF538KAX, ENCFF913OUD, ENCFF955HWR",112946981585,ENCODE Processing Pipeline,374d1f8488fc9bc5f3d79e7e49609ddf,,https://www.encodeproject.org/files/ENCFF041EYC/@@download/ENCFF041EYC.bam,GRCh38,,,,released,s3://encode-public/2017/12/06/e6b09866-fc2f-442a-9c38-b5b24b5fa019/ENCFF041EYC.bam,,,,
ENCFF444DIV,bam,alignments,ENCSR592UML,whole-genome shotgun bisulfite sequencing,CL:0000222,mesodermal cell,in vitro differentiated cells,Homo sapiens,,,,,,,,,,,DNA,,see document,,,False,2013-07-31,Roadmap,,,,1,,,,,,,"ENCFF015UCD, ENCFF050YHA, ENCFF119ZHQ, ENCFF161MAN, ENCFF294CBZ, ENCFF373MOM, ENCFF375GOA, ENCFF426UDX, ENCFF632JII",122861202113,ENCODE Processing Pipeline,26a4926a42e0cab3187f0990a29df62e,,https://www.encodeproject.org/files/ENCFF444DIV/@@download/ENCFF444DIV.bam,GRCh38,,,,released,s3://encode-public/2017/12/06/b64c933a-48e3-499e-9c32-617fa8a40c20/ENCFF444DIV.bam,,,,
ENCFF037WIJ,bam,alignments,ENCSR388RMS,whole-genome shotgun bisulfite sequencing,CL:0001059,"common myeloid progenitor, CD34-positive",primary cell,Homo sapiens,,,,,,,,,,,DNA,,see document,,,False,2013-07-31,Roadmap,,,,1,,,,,,,"ENCFF088CVB, ENCFF161MAN, ENCFF238KGQ, ENCFF243KPK, ENCFF366CRB, ENCFF502THV, ENCFF628JWJ, ENCFF838RSY, ENCFF985CVQ",145313456369,ENCODE Processing Pipeline,1ba5a8cdb8dec9894dee1e5c402d5fc1,,https://www.encodeproject.org/files/ENCFF037WIJ/@@download/ENCFF037WIJ.bam,GRCh38,,,,released,s3://encode-public/2017/12/01/6042dd65-fe02-49ab-a94c-f4ec2ebbe708/ENCFF037WIJ.bam,,,,
ENCFF937EDQ,bam,alignments,ENCSR515MHO,whole-genome shotgun bisulfite sequencing,UBERON:0006920,esophagus squamous epithelium,tissue,Homo sapiens,,,,,,,,,,,DNA,,,,,False,2018-12-22,ENCODE,,,,1,,,,,,,"ENCFF161MAN, ENCFF698ZAJ, ENCFF852JXE",112902058168,ENCODE Processing Pipeline,edfd3f507130d10c9f8e46e3ade7cbf8,,https://www.encodeproject.org/files/ENCFF937EDQ/@@download/ENCFF937EDQ.bam,GRCh38,,,,released,s3://encode-public/2019/11/19/b2236db2-4aad-43a7-86a5-0636084dca34/ENCFF937EDQ.bam,,,,
ENCFF317BCZ,bam,alignments,ENCSR625HZA,whole-genome shotgun bisulfite sequencing,EFO:0005723,GM23248,cell line,Homo sapiens,,,,,,,,,,,DNA,,,,,False,2017-12-04,ENCODE,,,,1,,,,,,,"ENCFF142GZA, ENCFF161MAN, ENCFF845RUF",232620071328,ENCODE Processing Pipeline,cb4fa065d225d8e3c79c2cc759045fca,,https://www.encodeproject.org/files/ENCFF317BCZ/@@download/ENCFF317BCZ.bam,GRCh38,,,,released,s3://encode-public/2017/12/03/ac544849-4210-4229-ae82-67291b45b6ea/ENCFF317BCZ.bam,,,,
ENCFF962MLZ,bam,alignments,ENCSR625HZA,whole-genome shotgun bisulfite sequencing,EFO:0005723,GM23248,cell line,Homo sapiens,,,,,,,,,,,DNA,,,,,False,2017-12-04,ENCODE,,,,2,,,,,,,"ENCFF161MAN, ENCFF968GRR, ENCFF975YNS",206519833951,ENCODE Processing Pipeline,65b89fdcb8933cc1d293617f4f03961c,,https://www.encodeproject.org/files/ENCFF962MLZ/@@download/ENCFF962MLZ.bam,GRCh38,,,,released,s3://encode-public/2017/12/03/3722a34e-47c3-4144-bcd4-3088ab335b98/ENCFF962MLZ.bam,,,,
ENCFF955LGG,bam,alignments,ENCSR779PPR,whole-genome shotgun bisulfite sequencing,UBERON:0002367,prostate gland,tissue,Homo sapiens,,,,,,,,,,,DNA,,,,,False,2018-01-18,ENCODE,,,,1,,,,,,,"ENCFF161MAN, ENCFF295MQU, ENCFF896UIF",171177844970,ENCODE Processing Pipeline,286ba7bf1db618caed4f9ec6ad238a8c,,https://www.encodeproject.org/files/ENCFF955LGG/@@download/ENCFF955LGG.bam,GRCh38,,,,released,s3://encode-public/2018/01/08/e6e0e2e8-3bfc-4616-b2f8-c93da5a9a1ae/ENCFF955LGG.bam,,,,
ENCFF114CLB,bam,alignments,ENCSR351IPU,whole-genome shotgun bisulfite sequencing,CL:0000182,hepatocyte,in vitro differentiated cells,Homo sapiens,,,,,,,,,,,DNA,,,,,False,2016-03-22,ENCODE,,,,1,,,,,,,"ENCFF140WEJ, ENCFF161MAN, ENCFF962CSI",187227769962,ENCODE Processing Pipeline,b867350c5c514f5cade87599cab68913,,https://www.encodeproject.org/files/ENCFF114CLB/@@download/ENCFF114CLB.bam,GRCh38,,,,released,s3://encode-public/2016/03/17/ebac6828-ed96-40f8-8dae-f8ff86f0e1f1/ENCFF114CLB.bam,,,,
ENCFF338JQR,bam,alignments,ENCSR351IPU,whole-genome shotgun bisulfite sequencing,CL:0000182,hepatocyte,in vitro differentiated cells,Homo sapiens,,,,,,,,,,,DNA,,,,,False,2016-03-22,ENCODE,,,,2,,,,,,,"ENCFF161MAN, ENCFF460PSF, ENCFF487KBR",166645458578,ENCODE Processing Pipeline,3ece76ea31ca2ff450842ef2db3ed084,,https://www.encodeproject.org/files/ENCFF338JQR/@@download/ENCFF338JQR.bam,GRCh38,,,,released,s3://encode-public/2016/03/17/f43385a0-ab78-4416-ade5-07b0a8dbf7a6/ENCFF338JQR.bam,,,,
ENCFF021VWF,bam,alignments,ENCSR011HZJ,whole-genome shotgun bisulfite sequencing,UBERON:0000473,testis,tissue,Homo sapiens,,,,,,,,,,,DNA,,,,,False,2018-01-18,ENCODE,,,,1,,,,,,,"ENCFF102UTS, ENCFF161MAN, ENCFF179CZD",106403396066,ENCODE Processing Pipeline,037ac5a40a0eda1d6e69b85ffe8cc0a0,,https://www.encodeproject.org/files/ENCFF021VWF/@@download/ENCFF021VWF.bam,GRCh38,,,,released,s3://encode-public/2018/01/08/f2d06b30-7856-489c-b1d8-9cae37c20d4c/ENCFF021VWF.bam,,,,
ENCFF509USY,bam,alignments,ENCSR076OHG,whole-genome shotgun bisulfite sequencing,CL:0000192,smooth muscle cell,in vitro differentiated cells,Homo sapiens,,,,,,,,,,,DNA,,,,,False,2018-01-09,ENCODE,,,,1,,,,,,,"ENCFF161MAN, ENCFF457XMZ, ENCFF618YUA",210321481994,ENCODE Processing Pipeline,47c337bd40ba4a0a674618bb0cf1fb69,,https://www.encodeproject.org/files/ENCFF509USY/@@download/ENCFF509USY.bam,GRCh38,,,,released,s3://encode-public/2017/12/18/760b9ccd-ca81-4c6c-803d-807b5c2fa79c/ENCFF509USY.bam,,,,
ENCFF711WDD,bam,alignments,ENCSR076OHG,whole-genome shotgun bisulfite sequencing,CL:0000192,smooth muscle cell,in vitro differentiated cells,Homo sapiens,,,,,,,,,,,DNA,,,,,False,2018-01-09,ENCODE,,,,2,,,,,,,"ENCFF161MAN, ENCFF799UTJ, ENCFF983XUX",201475926242,ENCODE Processing Pipeline,50a6f68bcfaec2b50a824ea1df09c4fd,,https://www.encodeproject.org/files/ENCFF711WDD/@@download/ENCFF711WDD.bam,GRCh38,,,,released,s3://encode-public/2017/12/18/3cc14e68-2e5a-4b03-83eb-e49eec0728b8/ENCFF711WDD.bam,,,,
ENCFF681ASN,bam,alignments,ENCSR890UQO,whole-genome shotgun bisulfite sequencing,EFO:0002784,GM12878,cell line,Homo sapiens,,,,,,,,,,,DNA,,,,,False,2016-02-23,ENCODE,,,,1,,,,,,,"ENCFF113KRQ, ENCFF161MAN, ENCFF798RSS",121147278947,ENCODE Processing Pipeline,d22d668e18bcbc766aa14125c8e12630,,https://www.encodeproject.org/files/ENCFF681ASN/@@download/ENCFF681ASN.bam,GRCh38,,,,released,s3://encode-public/2016/03/11/a701c29e-efaf-4127-aacb-c72c34630038/ENCFF681ASN.bam,,,,
ENCFF003FWN,bam,alignments,ENCSR890UQO,whole-genome shotgun bisulfite sequencing,EFO:0002784,GM12878,cell line,Homo sapiens,,,,,,,,,,,DNA,,,,,False,2016-02-23,ENCODE,,,,2,,,,,,,"ENCFF161MAN, ENCFF585BXF, ENCFF851HAT",125004539422,ENCODE Processing Pipeline,be771c68934594d6404cea90b80af78c,,https://www.encodeproject.org/files/ENCFF003FWN/@@download/ENCFF003FWN.bam,GRCh38,,,,released,s3://encode-public/2016/03/11/21908f86-6e91-49de-b972-0222655c4c07/ENCFF003FWN.bam,,,,
ENCFF215OBA,bam,alignments,ENCSR156JXJ,whole-genome shotgun bisulfite sequencing,UBERON:0001157,transverse colon,tissue,Homo sapiens,,,,,,,,,,,DNA,,,,,False,2018-12-22,ENCODE,,,,1,,,,,,,"ENCFF161MAN, ENCFF545EFW, ENCFF855UGO",58153464898,ENCODE Processing Pipeline,3ab165c7fa0b6d89eeff254d2466f179,,https://www.encodeproject.org/files/ENCFF215OBA/@@download/ENCFF215OBA.bam,GRCh38,,,,released,s3://encode-public/2019/10/25/7f531950-3331-4e9a-8ebc-47cfa1b84b24/ENCFF215OBA.bam,,,,
ENCFF838SMZ,bam,alignments,ENCSR305VIT,whole-genome shotgun bisulfite sequencing,UBERON:0000992,ovary,tissue,Homo sapiens,,,,,,,,,,,DNA,,,,,False,2017-12-04,ENCODE,,,,1,,,,,,,"ENCFF040DKE, ENCFF161MAN, ENCFF506KBZ",210469021610,ENCODE Processing Pipeline,75e308dade489b81ed92705434ae6547,,https://www.encodeproject.org/files/ENCFF838SMZ/@@download/ENCFF838SMZ.bam,GRCh38,,,,released,s3://encode-public/2017/12/03/06d6e64d-7052-44a3-8d3b-a255924507fa/ENCFF838SMZ.bam,,,,
ENCFF027NZV,bam,alignments,ENCSR344YUA,whole-genome shotgun bisulfite sequencing,UBERON:0001150,body of pancreas,tissue,Homo sapiens,,,,,,,,,,,DNA,,,,,False,2017-12-04,ENCODE,,,,1,,,,,,,"ENCFF161MAN, ENCFF306NRI, ENCFF825LGU",182321400470,ENCODE Processing Pipeline,5ea0ad1eb2c6ecb2dba6957c775a1fcf,,https://www.encodeproject.org/files/ENCFF027NZV/@@download/ENCFF027NZV.bam,GRCh38,,,,released,s3://encode-public/2017/12/01/6bea9779-0248-4e6f-98db-7416ca281738/ENCFF027NZV.bam,,,,
ENCFF296WTY,bam,alignments,ENCSR996BJT,whole-genome shotgun bisulfite sequencing,UBERON:0001150,body of pancreas,tissue,Homo sapiens,,,,,,,,,,,DNA,,,,,False,2017-12-04,ENCODE,,,,1,,,,,,,"ENCFF161MAN, ENCFF230TGB, ENCFF654DWV",112791603605,ENCODE Processing Pipeline,346e81ce3bb19e978f26fd5fd514ce31,,https://www.encodeproject.org/files/ENCFF296WTY/@@download/ENCFF296WTY.bam,GRCh38,,,,released,s3://encode-public/2017/12/01/87e0e15a-1d3c-4142-a692-de122d4e89ad/ENCFF296WTY.bam,,,,
ENCFF360RJH,bam,alignments,ENCSR403DTW,whole-genome shotgun bisulfite sequencing,UBERON:0002046,thyroid gland,tissue,Homo sapiens,,,,,,,,,,,DNA,,,,,False,2017-12-04,ENCODE,,,,1,,,,,,,"ENCFF161MAN, ENCFF265QER, ENCFF816NGU",203652276381,ENCODE Processing Pipeline,98f6c045020abd606efb183715ce3200,,https://www.encodeproject.org/files/ENCFF360RJH/@@download/ENCFF360RJH.bam,GRCh38,,,,released,s3://encode-public/2017/12/01/61f56bd6-b1e0-4983-b188-eb6a57e4fec2/ENCFF360RJH.bam,,,,
ENCFF975CHZ,bam,alignments,ENCSR601MHU,whole-genome shotgun bisulfite sequencing,UBERON:0002046,thyroid gland,tissue,Homo sapiens,,,,,,,,,,,DNA,,,,,False,2017-12-13,ENCODE,,,,1,,,,,,,"ENCFF009PTF, ENCFF161MAN, ENCFF443EIN",206430394882,ENCODE Processing Pipeline,fc6e35eef41cce9cdb0f21a5dd7863a2,,https://www.encodeproject.org/files/ENCFF975CHZ/@@download/ENCFF975CHZ.bam,GRCh38,,,,released,s3://encode-public/2017/12/12/b4547351-e1b7-4e62-bb53-8911e7771921/ENCFF975CHZ.bam,,,,
ENCFF843KEC,bam,alignments,ENCSR108ESU,whole-genome shotgun bisulfite sequencing,UBERON:0001114,right lobe of liver,tissue,Homo sapiens,,,,,,,,,,,DNA,,,,,False,2018-12-22,ENCODE,,,,1,,,,,,,"ENCFF161MAN, ENCFF174EZK, ENCFF538VML",131319228043,ENCODE Processing Pipeline,62b4cebb0e53254f0be6638b809ed0dd,,https://www.encodeproject.org/files/ENCFF843KEC/@@download/ENCFF843KEC.bam,GRCh38,,,,released,s3://encode-public/2019/11/05/92312646-2e0d-4df3-9880-6959a68e79b5/ENCFF843KEC.bam,,,,
ENCFF017VCY,bam,alignments,ENCSR042LOG,whole-genome shotgun bisulfite sequencing,UBERON:0002369,adrenal gland,tissue,Homo sapiens,,,,,,,,,,,DNA,,,,,False,2017-12-04,ENCODE,,,,1,,,,,,,"ENCFF161MAN, ENCFF288SYU, ENCFF384LDT",188804193310,ENCODE Processing Pipeline,681a10d6aa29faa75b0b0754a61c3533,,https://www.encodeproject.org/files/ENCFF017VCY/@@download/ENCFF017VCY.bam,GRCh38,,,,released,s3://encode-public/2017/12/01/638b24c4-96bf-41b6-add1-babacaa2cd18/ENCFF017VCY.bam,,,,
ENCFF071PJF,bam,alignments,ENCSR674VXR,whole-genome shotgun bisulfite sequencing,UBERON:0008952,upper lobe of left lung,tissue,Homo sapiens,,,,,,,,,,,DNA,,,,,False,2018-01-09,ENCODE,,,,1,,,,,,,"ENCFF161MAN, ENCFF357JNO, ENCFF631EWT",191043891015,ENCODE Processing Pipeline,a621a3cc748ba396b737447efd2f082d,,https://www.encodeproject.org/files/ENCFF071PJF/@@download/ENCFF071PJF.bam,GRCh38,,,,released,s3://encode-public/2018/01/08/47121f3a-279b-4636-b5e6-27f851ced228/ENCFF071PJF.bam,,,,
ENCFF557TER,bam,alignments,ENCSR765JPC,whole-genome shotgun bisulfite sequencing,EFO:0002067,K562,cell line,Homo sapiens,,,,,,,,,,,DNA,,,,,False,2016-03-22,ENCODE,,,,1,,,,,,,"ENCFF161MAN, ENCFF413KHN, ENCFF567DAI",170386216983,ENCODE Processing Pipeline,e189e33db559d80bb5275be897882d82,,https://www.encodeproject.org/files/ENCFF557TER/@@download/ENCFF557TER.bam,GRCh38,,,,released,s3://encode-public/2016/03/11/ac31f38f-9715-4858-9a10-85ef33d0903b/ENCFF557TER.bam,,,,
ENCFF963XLT,bam,alignments,ENCSR765JPC,whole-genome shotgun bisulfite sequencing,EFO:0002067,K562,cell line,Homo sapiens,,,,,,,,,,,DNA,,,,,False,2016-03-22,ENCODE,,,,2,,,,,,,"ENCFF161MAN, ENCFF336KJH, ENCFF585HYM",117114406040,ENCODE Processing Pipeline,408135db793ac865041d63605b355a94,,https://www.encodeproject.org/files/ENCFF963XLT/@@download/ENCFF963XLT.bam,GRCh38,,,,released,s3://encode-public/2016/03/11/57049636-e8da-4f2e-ae92-cf4bd69caf7a/ENCFF963XLT.bam,,,,
ENCFF347YMS,bam,alignments,ENCSR806NNG,whole-genome shotgun bisulfite sequencing,UBERON:0000473,testis,tissue,Homo sapiens,,,,,,,,,,,DNA,,,,,False,2018-01-18,ENCODE,,,,1,,,,,,,"ENCFF158ITS, ENCFF161MAN, ENCFF357SKM",218363959301,ENCODE Processing Pipeline,30e57341c1445d11d8eef75d2f6b0169,,https://www.encodeproject.org/files/ENCFF347YMS/@@download/ENCFF347YMS.bam,GRCh38,,,,released,s3://encode-public/2018/01/08/4cd831ac-3d02-4b9f-a881-ca6e6998db1c/ENCFF347YMS.bam,,,,
